player_name,base_year,predicted,actual,residual
LeBron James,2022,2.3177193938055796,2.7324220797575736,0.414702685951994
Carmelo Anthony,2022,-0.9506510757994105,0.1803348845346828,1.1309859603340933
Dwight Howard,2022,-1.73461948979017,-1.0869841038615966,0.6476353859285735
Andre Iguodala,2022,-0.5010719583987526,1.461440106111222,1.9625120645099747
Trevor Ariza,2022,-0.8987580454537357,-1.888933264078385,-0.9901752186246492
Chris Paul,2022,1.4995779000627238,1.6112994174423885,0.11172151737966463
Lou Williams,2022,-0.6648874311550759,0.146538840539287,0.8114262716943629
LaMarcus Aldridge,2022,0.475069992362978,0.2404866550580989,-0.23458333730487907
Rudy Gay,2022,1.9821716275326156,2.022724603695932,0.040552976163316545
Rajon Rondo,2022,-1.6880186554792052,-2.784669899658412,-1.0966512441792067
Kyle Lowry,2022,0.5960686669675263,0.4266053838436219,-0.16946328312390435
P.J. Tucker,2022,-1.170651794495462,-0.2852235476117237,0.8854282468837382
Paul Millsap,2022,-0.311087954410974,-1.600230397378667,-1.289142442967693
Kevin Durant,2022,3.2604258558333954,2.9303977189408426,-0.33002813689255284
Al Horford,2022,0.12250495891083994,0.912180329395306,0.7896753704844661
Mike Conley,2022,1.636879933397997,0.5693722103405388,-1.0675077230574583
Jeff Green,2022,-1.5647159478479846,-2.8784261914985185,-1.313710243650534
Thaddeus Young,2022,1.3320850031780065,-1.1769247008213917,-2.509009703999398
Derrick Rose,2022,0.771317524846056,-0.1970232008492054,-0.9683407256952614
Russell Westbrook,2022,-0.8276754610849141,-0.737301550157174,0.09037391092774005
Kevin Love,2022,0.2666189344930515,0.309496057773018,0.042877123279966456
Danilo Gallinari,2022,0.46874775238173155,-1.2037097802626937,-1.6724575326444253
Eric Gordon,2022,0.1808824173808301,-0.3903456486478558,-0.5712280660286859
D.J. Augustin,2022,-1.6751380484424356,-3.597086539645959,-1.9219484912035234
Brook Lopez,2022,0.05529822530682438,0.4590143713825238,0.40371614607569944
Robin Lopez,2022,-0.2875558056445521,-2.152966042208782,-1.8654102365642298
JaVale McGee,2022,-0.6641935674544628,-0.2071908235624719,0.4570027438919909
Serge Ibaka,2022,-1.8049866677028328,-0.95223055174753,0.8527561159553028
Nicolas Batum,2022,0.38933921043140657,0.9003630361493367,0.51102382571793
George Hill,2022,2.885161168260983,4.613402305872378,1.7282411376113949
DeAndre Jordan,2022,-2.51265988082971,-1.7858980640966409,0.7267618167330689
Goran Dragic,2022,-0.3226664976363433,-0.8308123557073372,-0.5081458580709939
Blake Griffin,2022,-0.7469776243102351,-0.7700262796902213,-0.023048655379986238
James Harden,2022,0.6846414112431474,0.6353090699380048,-0.049332341305142524
Ricky Rubio,2022,0.12340393295169594,1.5573440806058416,1.4339401476541456
Stephen Curry,2022,3.42544972545573,2.8374914578370154,-0.5879582676187147
DeMar DeRozan,2022,0.4814454463354967,1.0690927513062998,0.5876473049708031
James Johnson,2022,-1.1963675388745512,0.0408708167154876,1.2372383555900388
Jrue Holiday,2022,3.610586671141611,2.5029936226872023,-1.1075930484544085
Taj Gibson,2022,0.47961072779513186,0.725547282127895,0.24593655433276312
Wayne Ellington,2022,-0.5235782428485226,-1.2237012326352008,-0.7001229897866782
Patrick Beverley,2022,0.34721093457929597,-0.750682674303419,-1.097893608882715
Danny Green,2022,-0.18209189066310677,-0.6525502486688157,-0.47045835800570895
Patty Mills,2022,-0.6415900682337833,0.0399124677330856,0.6815025359668689
Garrett Temple,2022,-2.235286194283761,-4.969056655920615,-2.733770461636854
Wesley Matthews,2022,-0.19301811708188396,-0.7243708981655463,-0.5313527810836624
John Wall,2022,-1.1290408738584088,-2.3617350432073128,-1.232694169348904
Derrick Favors,2022,-1.6239612324950663,-2.343528245605237,-0.7195670131101708
DeMarcus Cousins,2022,1.0242527851653325,3.53792201377635,2.5136692286110174
Gordon Hayward,2022,0.7976867403684483,0.1469594044734498,-0.6507273358949985
Paul George,2022,3.097756557606613,3.88335708265147,0.785600525044857
Eric Bledsoe,2022,-1.5142256455000744,-0.7920501716235746,0.7221754738764998
Avery Bradley,2022,-2.2070860961860266,-2.5575056151336213,-0.3504195189475947
Hassan Whiteside,2022,1.091446700006875,3.0818025630548425,1.9903558630479674
Nemanja Bjelica,2022,-0.5778397156530369,0.9125713825988724,1.4904110982519092
Lance Stephenson,2022,-0.7930770847023776,-1.1149821862310252,-0.3219051015286476
Ish Smith,2022,-0.25897263369985823,-2.925750230668526,-2.6667775969686676
Kyrie Irving,2022,1.9754594030383361,2.792697474835388,0.8172380717970518
Enes Kanter,2022,2.302055463332921,2.998315434978052,0.696259971645131
Tristan Thompson,2022,-0.6434846882448468,-0.7297606713431413,-0.08627598309829443
Jonas Valanciunas,2022,-0.6353452686390694,-1.251400966818216,-0.6160556981791466
Bismack Biyombo,2022,-2.6966307615707943,0.0850201971106327,2.781650958681427
Kemba Walker,2022,-1.0714996466399378,-2.6649369761640145,-1.5934373295240767
Klay Thompson,2022,-0.8321824852493104,-1.7437454047914434,-0.911562919542133
Alec Burks,2022,1.6142628922005415,1.120886839712103,-0.4933760524884385
Markieff Morris,2022,-0.2904130541034934,-1.3899141995667033,-1.09950114546321
Marcus Morris Sr.,2022,-2.1558605442739225,-1.798148427229934,0.35771211704398853
Kawhi Leonard,2022,4.069534764122774,3.726298576748917,-0.34323618737385697
Nikola Vucevic,2022,-1.3449873946800135,-1.638088138086617,-0.2931007434066035
Tobias Harris,2022,-0.564773660045294,-1.3478844828927825,-0.7831108228474886
Reggie Jackson,2022,0.3084210770621399,-1.1628387509869818,-1.4712598280491216
Cory Joseph,2022,-0.4617970641441472,-0.0083359770498382,0.453461087094309
Jimmy Butler,2022,1.1348277994657276,1.5143197179870214,0.3794919185212937
Bojan Bogdanovic,2022,1.0653954302082866,-2.046971843412224,-3.112367273620511
Davis Bertans,2022,1.2668790437895867,-0.3196432464490073,-1.586522290238594
Brad Wanamaker,2022,-1.170309792521777,-1.5615230468900525,-0.3912132543682756
Anthony Davis,2022,1.3103376042634196,2.064083075628913,0.7537454713654934
Bradley Beal,2022,1.1049769432908758,-0.7883171215591245,-1.8932940648500003
Damian Lillard,2022,1.6112260673200438,2.8705075671927207,1.259281499872677
Terrence Ross,2022,-1.2118640732468704,-1.926269160494663,-0.7144050872477925
Andre Drummond,2022,0.39421711594567455,0.2881457380568561,-0.10607137788881843
Harrison Barnes,2022,-0.008669273008972215,-3.0807588667713093,-3.072089593762337
Austin Rivers,2022,-0.8767423107247136,-1.847566963825908,-0.9708246531011944
Jeremy Lamb,2022,0.4857726979040845,2.4074307349286355,1.9216580370245508
Maurice Harkless,2022,-0.9010411854131214,0.1794446831671839,1.0804858685803054
Evan Fournier,2022,-1.040050171078198,-0.5929889491496607,0.44706122192853726
Tomas Satoransky,2022,-0.6486403981468823,-2.620162786456815,-1.9715223883099324
Jae Crowder,2022,0.5784391939213667,-0.6532151504866738,-1.2316543444080406
Draymond Green,2022,1.9879741125105552,3.03679388954739,1.0488197770368346
Khris Middleton,2022,-0.73757074564316,-0.309012853646193,0.42855789199696703
Will Barton,2022,-2.745409853329931,-4.003898380092718,-1.2584885267627866
Kent Bazemore,2022,0.12847097391833814,-3.293458562542233,-3.421929536460571
Justin Holiday,2022,-0.8376082901512335,-1.080537731511014,-0.24292944135978056
JaMychal Green,2022,-0.7313105391852387,-1.0238260819537417,-0.292515542768503
Nerlens Noel,2022,-1.5944553246847024,-2.817269747823686,-1.2228144231389837
Alex Len,2022,-1.009599743540934,1.877447998993848,2.887047742534782
Ben McLemore,2022,-1.4036829633982497,-2.2593384998868133,-0.8556555364885636
CJ McCollum,2022,0.061512267173751495,-0.7051657403534557,-0.7666780075272072
Cody Zeller,2022,-0.7093999812595907,-1.0401171029075298,-0.3307171216479391
Dennis Schroder,2022,-0.054607811572384084,-0.27259228106378,-0.21798446949139588
Dewayne Dedmon,2022,0.7161501742937613,-1.7638009201447278,-2.479951094438489
Gorgui Dieng,2022,-2.6990301057118646,-4.060814401261876,-1.3617842955500112
Kelly Olynyk,2022,-0.4867342197862581,-0.6323408147502046,-0.14560659496394657
Kentavious Caldwell-Pope,2022,-0.6197452978108379,-0.1064428805834492,0.5133024172273887
Mason Plumlee,2022,-0.8429917252183843,-1.0902342189823142,-0.24724249376392993
Mike Muscala,2022,2.156396714319796,0.3919807762957551,-1.7644159380240412
Otto Porter Jr.,2022,0.4426201915981706,1.6545840895589414,1.2119638979607708
Reggie Bullock,2022,0.8880000914298657,-0.5790795859514765,-1.4670796773813422
Robert Covington,2022,0.9614199837840766,1.5845353696230418,0.6231153858389652
Rudy Gobert,2022,1.4771903694542041,1.120210036910179,-0.35698033254402506
Steven Adams,2022,1.1636104789862498,3.5242398745827206,2.3606293955964706
Tim Hardaway Jr.,2022,-0.09594423694912693,-0.891486870985491,-0.795542634036364
Tony Snell,2022,-1.4670399852870923,-1.871449589462965,-0.4044096041758727
Trey Burke,2022,-0.624862102274613,-1.463652923198776,-0.838790820924163
Victor Oladipo,2022,-0.8004646559798753,-1.5042126933366629,-0.7037480373567876
Giannis Antetokounmpo,2022,2.5854949654786665,3.9883042696666906,1.402809304188024
Solomon Hill,2022,0.9823967483654208,5.300198664315405,4.3178019159499845
Raul Neto,2022,-0.20056815989192947,-0.5170288004381168,-0.3164606405461874
Seth Curry,2022,-0.9253418284975721,-0.387122142835412,0.53821968566216
Rodney McGruder,2022,1.4323859403631096,1.6900856387232146,0.257699698360105
Thanasis Antetokounmpo,2022,-0.38494305112314814,-3.5676728713813377,-3.1827298202581895
Zach LaVine,2022,0.6895283657489918,-0.043279443383473,-0.7328078091324648
Elfrid Payton,2022,-1.6204023757774288,-2.854956432118012,-1.2345540563405832
Jordan Clarkson,2022,0.934246071016374,0.2747484354978434,-0.6594976355185307
Gary Harris,2022,-1.32523623686899,-0.5688817642741579,0.7563544725948321
Spencer Dinwiddie,2022,-0.4610630000852046,0.5146069613943216,0.9756699614795262
Rodney Hood,2022,-1.8012513793262275,0.8614532515717916,2.662704630898019
Khem Birch,2022,0.26563154032023795,-1.110027764533278,-1.375659304853516
Jerami Grant,2022,-0.6685209301026621,-1.4963838789276234,-0.8278629488249613
Joe Harris,2022,0.24238788059850983,-2.428026833277163,-2.670414713875673
Doug McDermott,2022,-1.7257809188182631,-2.364969049172932,-0.6391881303546687
Aaron Gordon,2022,1.290110242925836,0.9833170080524034,-0.3067932348734326
T.J. Warren,2022,0.8346525265620303,1.7783873941429862,0.9437348675809559
Marcus Smart,2022,0.7967725489552576,1.6535286772603706,0.8567561283051129
Kyle Anderson,2022,-0.08505842348370621,-0.3373904662119895,-0.25233204272828325
Dwight Powell,2022,0.4640905590703678,0.0338111591221738,-0.430279399948194
Julius Randle,2022,0.6285164078882228,0.5589901710716798,-0.06952623681654302
Andrew Wiggins,2022,-0.9807829597500174,-1.7438145131473806,-0.7630315533973632
Joel Embiid,2022,4.295776212072176,4.554458774371055,0.25868256229887887
Dario Saric,2022,0.9164329703571686,-1.7153106616586646,-2.631743632015833
Clint Capela,2022,0.9232478342875807,0.4002910343588293,-0.5229567999287514
Bogdan Bogdanovic,2022,0.4669774385153422,1.9458978498432675,1.4789204113279253
Jusuf Nurkić,2022,1.1626784622488984,1.562442624696066,0.3997641624471677
Nikola Jokic,2022,4.626630751228063,7.312286460492339,2.6856557092642754
Kristaps Porzingis,2022,0.40395147591613023,0.7913477391043301,0.38739626318819986
Joe Ingles,2022,1.1201304607297247,1.3633046723184865,0.24317421158876185
T.J. McConnell,2022,0.48514447694239055,0.7133711660117812,0.22822668906939064
Tyus Jones,2022,-0.6302898214624635,-0.2563841996088682,0.37390562185359527
Montrezl Harrell,2022,1.108396340775872,2.441204819718364,1.3328084789424919
Delon Wright,2022,1.1945741436298938,3.0370745943380184,1.8425004507081246
D'Angelo Russell,2022,0.5735857449603295,1.2109669881353156,0.637381243174986
Karl-Anthony Towns,2022,1.3191826789433376,1.7081876402380551,0.3890049612947175
Richaun Holmes,2022,-0.20417674522903093,-2.423974397400953,-2.219797652171922
Justise Winslow,2022,0.5817020718719205,2.4326983147635177,1.8509962428915974
Willie Cauley-Stein,2022,3.5984094531477697,1.2813804281672811,-2.3170290249804886
Kelly Oubre Jr.,2022,-1.9987926928114015,-1.2888417184333467,0.7099509743780548
Frank Kaminsky,2022,-1.334118611305537,-0.1679443465915225,1.1661742647140145
Devin Booker,2022,2.5455557269552234,2.75817332310143,0.21261759614620646
Cameron Payne,2022,1.542628069699726,0.957485900293727,-0.5851421694059991
Myles Turner,2022,1.7567087693431827,2.49175463637243,0.7350458670292475
Trey Lyles,2022,-1.101392780977426,1.1340562727930965,2.2354490537705223
Stanley Johnson,2022,-1.0346746949392827,0.8959566384481928,1.9306313333874754
Bobby Portis,2022,0.02130826354171439,-0.308346490228262,-0.3296547537699764
Kevon Looney,2022,-0.000856037040504645,0.9267943369940927,0.9276503740345974
Christian Wood,2022,-0.9483561080564548,-1.262816031861271,-0.31445992380481613
Terry Rozier,2022,-0.509808295523488,-1.2337025126148982,-0.7238942170914101
Norman Powell,2022,-3.0811504728973254,-2.6668546920142653,0.41429578088306007
Pat Connaughton,2022,-0.9897439414043849,-2.8931088545665444,-1.9033649131621595
Willy Hernangomez,2022,-0.41104376732736253,-1.374423375342876,-0.9633796080155135
Josh Richardson,2022,-0.7201020699287513,-0.8573040649611923,-0.13720199503244102
Larry Nance Jr.,2022,0.2771947262669243,-0.3513494086321335,-0.6285441348990578
Royce O'Neale,2022,-0.7538602744948499,0.7997822504260313,1.5536425249208814
Cedi Osman,2022,-0.7191620506290363,-1.348079970172718,-0.6289179195436817
Ben Simmons,2022,0.802647369693072,-0.1506854045636774,-0.9533327742567494
Domantas Sabonis,2022,1.014427722584199,1.5583501560494022,0.5439224334652031
Malik Beasley,2022,-1.05868443846597,-1.2333640939590174,-0.17467965549304743
Kris Dunn,2022,0.7008643254313474,1.87222037070015,1.1713560452688025
Buddy Hield,2022,0.8901838267565707,-0.5573181013525018,-1.4475019281090726
Brandon Ingram,2022,0.6777719490583669,0.7889522773973604,0.1111803283389935
Damian Jones,2022,-2.0383008757819483,-3.099440046226218,-1.0611391704442696
Caris LeVert,2022,-0.3166255160255541,0.0176023447270998,0.3342278607526539
Dejounte Murray,2022,0.4151487520961924,0.486590065005357,0.07144131290916461
Jamal Murray,2022,0.5911851363721088,-1.0470544787888394,-1.6382396151609482
Jakob Poeltl,2022,2.2157477296149204,1.0585396701262877,-1.1572080594886327
Taurean Prince,2022,-0.3768500901292784,-2.2654635392671363,-1.888613449137858
Denzel Valentine,2022,0.09948049086916691,-2.909652535994111,-3.0091330268632777
Jaylen Brown,2022,0.07661920808153892,-1.515977701208529,-1.5925969092900678
DeAndre' Bembry,2022,0.05078161978582909,-1.0123233251592023,-1.0631049449450314
Malcolm Brogdon,2022,-1.1011323929227756,-0.4659783013117053,0.6351540916110703
Jake Layman,2022,-1.8904895662934673,-1.5152007392772333,0.375288827016234
Georges Niang,2022,0.017193238629113806,-1.2715958236773548,-1.2887890623064686
Gary Payton II,2022,1.741369675586898,2.006118852255196,0.2647491766682981
Pascal Siakam,2022,1.7571593946621877,0.9257832209031128,-0.8313761737590749
Furkan Korkmaz,2022,0.21988159749364458,-0.0418236132423575,-0.26170521073600206
Timothe Luwawu-Cabarrot,2022,-1.2153319605218307,-2.5897208725734457,-1.374388912051615
Damion Lee,2022,0.7723396185273855,0.0349943547704708,-0.7373452637569148
Juancho Hernangomez,2022,-1.7215047107628323,-2.05821810358054,-0.3367133928177075
Ivica Zubac,2022,-1.801323719787006,-1.9761966021728865,-0.1748728823858805
Dorian Finney-Smith,2022,0.10078716170932782,-0.4067340130549768,-0.5075211747643046
Fred VanVleet,2022,1.0389412241226859,2.211753930724199,1.172812706601513
Bryn Forbes,2022,-0.043646237641372806,-0.4615087787160822,-0.4178625410747094
Danuel House Jr.,2022,-1.8669947008486845,-0.5913259525087499,1.2756687483399345
Derrick Jones Jr.,2022,-0.037926460994869196,0.5648127509250456,0.6027392119199148
Alex Caruso,2022,2.6001647168759425,1.964548349807348,-0.6356163670685946
David Nwaba,2022,0.9009855791138855,-0.2091559506403919,-1.1101415297542774
Markelle Fultz,2022,0.3868366108630045,-0.2241967771443272,-0.6110333880073318
Lonzo Ball,2022,-0.2032905122744461,0.1721481202374732,0.37543863251191933
Josh Jackson,2022,-0.11320354104129382,-3.071225371786772,-2.958021830745478
De'Aaron Fox,2022,-0.6033700176676619,1.3349810988682695,1.9383511165359315
Jayson Tatum,2022,3.1110741621371734,2.051376904585577,-1.0596972575515964
Malik Monk,2022,0.8359357245272442,-0.5814512004932213,-1.4173869250204656
Dennis Smith Jr.,2022,0.2857561380846793,0.5420355827015864,0.25627944461690705
Frank Ntilikina,2022,1.4324023783496243,3.403434357619018,1.9710319792693936
Lauri Markkanen,2022,0.868893123935803,2.167156363884545,1.2982632399487422
Donovan Mitchell,2022,0.8864269589391887,2.50848448107908,1.6220575221398912
Luke Kennard,2022,1.5452878791447016,1.940473008455786,0.3951851293110844
Zach Collins,2022,2.639854784441565,0.0683809055717623,-2.571473878869803
John Collins,2022,0.07726341180513573,-1.3863856031893145,-1.46364901499445
OG Anunoby,2022,0.5908314214377582,1.8512703379347133,1.260438916496955
Jarrett Allen,2022,0.8364554681061063,0.4929190658058401,-0.34353640230026616
Bam Adebayo,2022,2.1285242992169757,0.5853378234749023,-1.5431864757420735
Isaiah Hartenstein,2022,1.0565987622726283,2.227286512842119,1.1706877505694906
Tony Bradley,2022,2.3565026175310773,3.0650161211381644,0.7085135036070871
Kyle Kuzma,2022,-1.7496519371749055,-1.917352891448897,-0.16770095427399156
Semi Ojeleye,2022,-2.2985114860266362,-6.320911393990406,-4.02239990796377
Derrick White,2022,2.4514981159178166,3.0970006956644447,0.6455025797466281
Frank Jackson,2022,0.14867964244341045,-1.9399261899990528,-2.0886058324424632
Josh Hart,2022,0.4190331511781912,0.9001955525693244,0.4811624013911332
PJ Dozier,2022,1.6155990203786712,-3.345067582332536,-4.960666602711207
Edmond Sumner,2022,-0.14586525969847455,1.3859028053946554,1.53176806509313
Dillon Brooks,2022,2.1045406557462787,1.824701573378362,-0.27983908236791666
Thomas Bryant,2022,-1.8165307828301194,-1.0163623372235189,0.8001684456066005
Monte Morris,2022,0.7678360847268038,1.702727504697004,0.9348914199702003
Sterling Brown,2022,-0.8907785258966118,-1.4056320623827716,-0.5148535364861598
Vlatko Cancar,2022,-1.7995093818130492,-0.699859735891368,1.0996496459216814
Davon Reed,2022,-0.6739342383903545,-1.3249855710197602,-0.6510513326294057
Luke Kornet,2022,0.8641591428120245,0.1958203345015775,-0.6683388083104471
Chris Boucher,2022,1.8696974729526183,2.650587265086376,0.7808897921337579
Daniel Theis,2022,-1.1509867973776047,-0.2402651738686325,0.9107216235089721
Maxi Kleber,2022,-0.21139662139023668,-0.3531063273658816,-0.14170970597564492
Torrey Craig,2022,-2.998230088420473,-3.865174201261684,-0.8669441128412108
Mychal Mulder,2022,0.7011741539077976,-0.7333894842415127,-1.4345636381493103
Grayson Allen,2022,-1.0215363762930656,-1.392242548867979,-0.37070617257491345
Marvin Bagley III,2022,-0.801825447052717,-1.0643971454686183,-0.26257169841590133
Mo Bamba,2022,-0.5201924282041085,-0.9564036915357514,-0.43621126333164295
Keita Bates-Diop,2022,-0.1971519296914401,-0.8993746003885533,-0.7022226706971132
Mikal Bridges,2022,1.2228092312148262,1.104849599135291,-0.1179596320795353
Miles Bridges,2022,1.6907427473439118,0.7370987595804944,-0.9536439877634174
Bruce Brown,2022,-0.8507819104950223,-1.4555031092879285,-0.6047211987929062
Troy Brown Jr.,2022,-0.5531086007119375,-1.3813683254980575,-0.8282597247861201
Jalen Brunson,2022,1.0261654621146332,2.092421021253001,1.0662555591383678
Jevon Carter,2022,0.17264504407779757,0.9869848696819008,0.8143398256041032
Wendell Carter Jr.,2022,-0.36339526862152505,0.7768557005545178,1.140250969176043
Hamidou Diallo,2022,0.20459898078896704,1.0779495518978723,0.8733505711089053
Donte DiVincenzo,2022,-0.1092231761736132,-0.7920479078646018,-0.6828247316909886
Bruno Fernando,2022,-0.5051276494372884,-0.8015663155116366,-0.2964386660743482
Shai Gilgeous-Alexander,2022,0.8219983166233319,2.901792136131102,2.07979381950777
Devonte' Graham,2022,-0.017911848923156545,-0.3962417423851798,-0.3783298934620232
Aaron Holiday,2022,-0.18101951038353817,0.8841646182420576,1.0651841286255959
Kevin Huerter,2022,1.2418094502259867,2.173037599590069,0.9312281493640824
Jaren Jackson Jr.,2022,1.5361848280603692,0.7629876776196194,-0.7731971504407498
Kevin Knox II,2022,-2.7029371412081424,-2.746035749220004,-0.04309860801186138
Caleb Martin,2022,-0.36194852729625077,-0.0414003844885836,0.3205481428076672
Cody Martin,2022,0.41840038907008403,0.699845766973428,0.281445377903344
De'Anthony Melton,2022,0.5965488585977263,0.0485734413198208,-0.5479754172779056
Chimezie Metu,2022,0.01077179652549041,-0.1819235847803891,-0.19269538130587952
Shake Milton,2022,0.04888771513618699,-0.7992839604604314,-0.8481716755966183
Svi Mykhailiuk,2022,-0.7644270246636635,1.739529839958018,2.5039568646216814
Josh Okogie,2022,0.06117885533806195,0.2080425384593855,0.14686368312132356
Michael Porter Jr.,2022,1.190905971265362,-0.0875511656359282,-1.2784571369012903
Mitchell Robinson,2022,0.24543185098873915,1.063730415737805,0.8182985647490657
Collin Sexton,2022,-3.1802946655020334,-0.877139130665081,2.3031555348369523
Landry Shamet,2022,0.372365322132408,-0.1467807720482628,-0.5191460941806708
Anfernee Simons,2022,0.142449297937874,-1.1001944505138723,-1.2426437484517463
Gary Trent Jr.,2022,-1.95538535956225,-1.4604932775224562,0.49489208203979373
Jarred Vanderbilt,2022,-0.12048442855570378,-0.5604985848527702,-0.44001415629706636
Moritz Wagner,2022,-0.27841985270451414,0.2052849451943177,0.4837047978988318
Lonnie Walker IV,2022,-3.400138377212929,-1.877507703989782,1.522630673223147
P.J. Washington,2022,0.35245518720441166,-0.0930947643735349,-0.4455499515779465
Kenrich Williams,2022,2.948044261651405,3.4261458029488163,0.47810154129741145
Trae Young,2022,1.1137747039060075,0.9890082585105916,-0.12476644539541593
Deandre Ayton,2022,-1.867291261378596,-0.3868945435336836,1.4803967178449122
Luka Doncic,2022,0.25577450866331813,1.7782979894873658,1.5225234808240478
Goga Bitadze,2022,0.8060108471684091,2.7080927313834184,1.9020818842150093
Oshae Brissett,2022,0.32703004889859605,-0.2646262046202368,-0.5916562535188328
Terence Davis,2022,1.239724733679931,2.9240886066928544,1.6843638730129233
Robert Williams III,2022,0.8998226659084597,2.527691751900064,1.627869085991604
Rui Hachimura,2022,-0.9858602006232097,-0.7564486706821724,0.2294115299410373
Kelan Martin,2022,0.9113102098281636,-2.6704212340379403,-3.581731443866104
Gary Clark,2022,-0.7204739375044968,-0.0040100342525755,0.7164639032519213
Jock Landale,2022,0.8582305380350125,2.83741535438043,1.9791848163454175
Wenyen Gabriel,2022,1.4172514864334897,1.6438802183057295,0.22662873187223975
Duncan Robinson,2022,-0.07107538859200369,-0.4622445935639329,-0.3911692049719292
Kendrick Nunn,2022,-1.0260118824592979,-1.457974324977135,-0.4319624425178372
Yuta Watanabe,2022,-0.8929576236211149,-1.9331112066492897,-1.0401535830281747
Jordan McLaughlin,2022,1.547428524043915,3.8375712034819776,2.2901426794380626
Brandon Goodwin,2022,-2.2283903903850217,-2.239525156080767,-0.01113476569574523
Gabe Vincent,2022,-0.6761803062146411,0.3984339787538287,1.0746142849684697
Drew Eubanks,2022,-1.0279640921466033,-2.12707453652564,-1.0991104443790365
Juan Toscano-Anderson,2022,-0.5838955926660664,-1.8380368837153045,-1.2541412910492382
Haywood Highsmith,2022,-3.2079210535354186,-2.295913973707683,0.9120070798277355
Amir Coffey,2022,-0.42426027345005246,-0.8129139507724231,-0.38865367732237066
CJ Elleby,2022,-1.4771516674108598,-1.916762966010188,-0.4396112985993281
Terance Mann,2022,0.9391077556973892,-0.1820421056995476,-1.1211498613969368
Andrew Nembhard,2022,-2.035594482577838,-1.964073183060799,0.0715212995170389
Max Strus,2022,-1.0276118999481765,-0.4393446748369942,0.5882672251111822
Bol Bol,2022,-1.603919324310594,-0.6273091185470274,0.9766102057635666
Zion Williamson,2022,1.726271057475744,0.3498571430844857,-1.3764139143912584
RJ Barrett,2022,-1.2594895051202197,-2.915817187120848,-1.656327682000628
Cam Reddish,2022,-4.279850637631602,-4.798316557121843,-0.5184659194902403
Ja Morant,2022,-0.09374856383404973,0.3125204556177072,0.4062690194517569
De'Andre Hunter,2022,-1.4412520723612445,-1.4150409854351604,0.026211086926084093
Coby White,2022,1.3992410789946397,1.374989353972392,-0.024251725022247594
Jarrett Culver,2022,-2.5481197108127938,-0.6350144281827707,1.9131052826300232
Brandon Clarke,2022,-0.3112197766447858,1.4242501985028015,1.7354699751475873
Darius Garland,2022,2.295126868388763,2.665744143598599,0.370617275209836
Jaxson Hayes,2022,-0.9719939463276205,-1.6536217383836551,-0.6816277920560346
Nickeil Alexander-Walker,2022,-1.113231290524435,0.7454161043505787,1.8586473948750137
Tyler Herro,2022,0.33732190077283375,1.490596411754052,1.1532745109812184
Keldon Johnson,2022,-1.6976332466899693,-1.0899751526279835,0.6076580940619858
Romeo Langford,2022,-1.2734393715133954,-1.118197843688592,0.15524152782480338
Nassir Little,2022,-0.7210428435770727,-1.277496839941711,-0.5564539963646383
Chuma Okeke,2022,-1.0843994901307619,-2.7126634238738965,-1.6282639337431346
KZ Okpala,2022,-0.6168773667046392,0.7239568332676185,1.3408341999722577
Kevin Porter Jr.,2022,-0.127247758348864,0.2075090171710968,0.3347567755199608
Darius Bazley,2022,-4.158579934531942,-5.012071885714066,-0.8534919511821242
Ignas Brazdeikis,2022,-0.7009338344384407,-1.6587331623612993,-0.9577993279228586
Moses Brown,2022,-0.7350360528660351,-0.813907441225668,-0.07887138835963292
Nic Claxton,2022,0.6391324087997016,-0.935454405753726,-1.5745868145534274
Luguentz Dort,2022,0.5380206564124096,-0.8820000563646926,-1.4200207127771023
Daniel Gafford,2022,-0.3086348337488897,-0.3760246754775023,-0.06738984172861257
Quentin Grimes,2022,-0.6675257297557197,-1.2438703415375878,-0.5763446117818681
Talen Horton-Tucker,2022,-0.6230688854566515,-0.6588271305381684,-0.035758245081516926
Ty Jerome,2022,-0.38673404693386365,-0.4657861419659151,-0.07905209503205146
Cameron Johnson,2022,1.0963638858610014,0.7533298303497911,-0.34303405551121036
Jalen McDaniels,2022,-0.02204289929423007,0.477639855123655,0.49968275441788507
Jaylen Nowell,2022,0.22302315728796276,0.1439701117444727,-0.07905304554349007
Jordan Nwora,2022,-2.1689636013012064,-3.051423114921594,-0.8824595136203874
Eric Paschall,2022,-1.9323354490492182,-1.3159169347129085,0.6164185143363097
Jordan Poole,2022,0.5530084740269451,-0.505248020461483,-1.058256494488428
Naz Reid,2022,-2.126999257889417,-1.2914012461863424,0.8355980117030746
Isaiah Roby,2022,-1.6707245676169349,-0.6387577002165562,1.0319668674003788
Admiral Schofield,2022,-2.581305148400275,-2.658802327625681,-0.07749717922540578
Matisse Thybulle,2022,0.6460456124507704,0.0805332563113521,-0.5655123561394183
Grant Williams,2022,-1.447822150746222,-1.7958740214596414,-0.3480518707134195
Dylan Windler,2022,0.2102033804602156,0.1094902970091271,-0.10071308345108851
Armoni Brooks,2022,-1.7271462119801915,0.6427309562338842,2.369877168214076
John Konchar,2022,1.5814614667401308,0.8017156614619259,-0.7797458052782049
Garrison Mathews,2022,-0.2834411174377762,-0.4526350787489818,-0.16919396131120557
Dean Wade,2022,-0.22845393265435082,1.7499284297530906,1.9783823624074415
Matt Thomas,2022,-1.1488738120180537,2.1077396719355894,3.256613483953643
Javonte Green,2022,1.0356500058631462,1.5594363941508094,0.5237863882876632
Anthony Edwards,2022,-0.03182673852155074,1.908233920434581,1.9400606589561318
LaMelo Ball,2022,-0.47587910668508876,0.8407030856486467,1.3165821923337355
James Wiseman,2022,-4.740240142909568,-4.428288555935535,0.3119515869740326
Killian Hayes,2022,-2.328325195765835,-2.4007029763664454,-0.07237778060061029
Deni Avdija,2022,0.05646222803740161,0.3677495253472173,0.31128729730981564
Obi Toppin,2022,-0.059986963047128146,1.8264452754942315,1.8864322385413597
Onyeka Okongwu,2022,0.49832699944159503,0.3577800292650653,-0.14054697017652973
Tyrese Haliburton,2022,-0.8717004662678818,1.0144306078218812,1.886131074089763
Devin Vassell,2022,-0.5088586760811764,-0.5707037671968008,-0.06184509111562442
Isaac Okoro,2022,-1.3035376507077159,-0.5038904079154236,0.7996472427922923
Patrick Williams,2022,-2.0940294639647727,-0.6749902197138857,1.419039244250887
Precious Achiuwa,2022,-0.817181752987318,-1.3133799303297828,-0.49619817734246485
Aaron Nesmith,2022,-0.7896059947288419,-0.0965999079637872,0.6930060867650547
Cole Anthony,2022,-0.7510032662998294,-0.9205191652223292,-0.16951589892249985
Theo Maledon,2022,-3.504566351782631,-3.138579588228357,0.36598676355427395
Tyrese Maxey,2022,-0.9518430955992998,0.8655982308059358,1.8174413264052356
Saddiq Bey,2022,-0.9429992208978517,-1.2708874092499618,-0.3278881883521101
R.J. Hampton,2022,-3.437723253538318,-3.2404744105402883,0.1972488429980297
Josh Green,2022,0.6816469116652112,-0.1889030091249534,-0.8705499207901646
Jaden McDaniels,2022,-0.2148227256691217,-1.1854821919379743,-0.9706594662688526
Kira Lewis Jr.,2022,0.6608526186874438,-1.5246008128030728,-2.1854534314905165
Jalen Smith,2022,-0.000352752665958955,0.6282863652531363,0.6286391179190952
Isaiah Stewart,2022,-0.3893736919335198,-0.2369681886763499,0.1524055032571699
Zeke Nnaji,2022,-0.5158185860615631,-0.306563877603119,0.20925470845844407
Immanuel Quickley,2022,2.658805945163568,2.4577818508936007,-0.20102409426996726
Paul Reed,2022,0.446447023072953,1.405011238613365,0.9585642155404122
Aleksej Pokusevski,2022,-2.2996653597212093,-1.893204342276332,0.4064610174448773
Isaiah Joe,2022,1.173357957361172,1.6309751167027984,0.4576171593416263
Tre Jones,2022,-0.6011733177327212,1.4185461886290407,2.0197195063617617
Malachi Flynn,2022,-1.9354087506760669,-2.371376385674296,-0.4359676349982293
Payton Pritchard,2022,-0.4488429447802404,0.2283206229312886,0.677163567711529
Lamar Stevens,2022,-1.9725204934561351,-1.1436680641864037,0.8288524292697315
Nick Richards,2022,-0.7785119033630641,-2.134335082474328,-1.3558231791112638
Omer Yurtseven,2022,2.2709161333076624,-0.404600604545407,-2.6755167378530693
Xavier Tillman,2022,-0.7389811178115996,-0.5494512896912802,0.18952982812031938
Desmond Bane,2022,1.0857255885356205,0.8155444370893584,-0.2701811514462621
Jalen Green,2022,-2.784430614102902,-3.107804333583657,-0.3233737194807551
Daishen Nix,2022,-0.9156780404996351,-0.9111253329779988,0.004552707521636279
Jonathan Kuminga,2022,-0.6378708302103157,-0.2131617607984667,0.42470906941184894
Naji Marshall,2022,-0.5111378071620306,0.5062154946661173,1.0173533018281478
KJ Martin,2022,-0.2904509773166983,0.5681824024279581,0.8586333797446564
Nathan Knight,2022,0.3439512687516023,-0.2445584973560057,-0.588509766107608
Trent Forrest,2022,-1.0897308433062176,-1.726078012864993,-0.6363471695587755
Anthony Lamb,2022,-0.35318568309808673,0.6127019916468015,0.9658876747448882
Saben Lee,2022,-1.640221243412616,-1.6327880126224394,0.007433230790176548
Ayo Dosunmu,2022,-1.5735604796321019,-2.301578548431311,-0.7280180687992093
Vit Krejci,2022,0.014142199184271679,-0.3791603969077344,-0.3933025960920061
Jae'Sean Tate,2022,0.580854722495236,0.5745303150978325,-0.006324407397403475
Anthony Gill,2022,2.1409586908185525,3.52008794205796,1.3791292512394073
Facundo Campazzo,2022,-2.202266290935545,-2.262051008113237,-0.05978471717769196
Lindy Waters III,2022,2.5550185170277975,1.2341654132113573,-1.3208531038164402
Jeremiah Robinson-Earl,2022,-1.9050894200850526,-2.572619777929634,-0.6675303578445815
Brandon Boston Jr.,2022,-1.100410205453097,-2.6588270292591694,-1.5584168238060723
Josh Christopher,2022,-3.1463518066899763,-4.05275918074371,-0.9064073740537335
Herbert Jones,2022,1.5183030665900208,2.517907346757906,0.9996042801678853
Trey Murphy III,2022,-0.6800655733182315,0.1902954622130498,0.8703610355312813
Franz Wagner,2022,2.5053411913723287,2.778577886740901,0.2732366953685723
Ziaire Williams,2022,-0.7695066580754768,-2.33403860525889,-1.5645319471834134
Ochai Agbaji,2022,1.0245089561900882,0.098353283747678,-0.9261556724424101
Greg Brown III,2022,-0.43806199451447847,-0.3010551233645084,0.13700687114997007
Chris Duarte,2022,-0.6097522899136072,-1.4553896091445857,-0.8456373192309785
Bones Hyland,2022,-0.0009968066864611302,-0.1724848776104341,-0.17148807092397297
Miles McBride,2022,2.1525732243174422,0.647535400881759,-1.5050378234356834
Moses Moody,2022,-0.7291967865496922,-0.970224668043965,-0.2410278814942728
Isaiah Jackson,2022,-0.43451409367312527,0.7500788961364386,1.184592989809564
Tre Mann,2022,-0.5296374147197782,-0.4388589422289637,0.0907784724908145
James Bouknight,2022,-1.3342873493535656,-1.130638314549126,0.20364903480443974
Day'Ron Sharpe,2022,-0.27524580091138573,1.2516800338201388,1.5269258347315247
JT Thor,2022,-0.5151774738889183,1.132291446189932,1.6474689200788504
Jalen Johnson,2022,-0.6377053145023026,-1.722274283304939,-1.0845689688026363
Keon Johnson,2022,-2.991665027678388,-3.243707599171076,-0.25204257149268816
Kessler Edwards,2022,-0.6313958871253446,-1.757959992316558,-1.1265641051912136
Corey Kispert,2022,0.10888393098315072,-1.0116608666068427,-1.1205447975899934
Davion Mitchell,2022,-0.7061247466065307,-0.704272016207087,0.0018527303994436695
Austin Reaves,2022,1.6366666744413574,0.1369605294329129,-1.4997061450084446
Cam Thomas,2022,-2.2596467177956376,-2.63608719808832,-0.3764404802926822
Joshua Primo,2022,-0.5930441608887046,-0.8767187834214777,-0.2836746225327731
Scottie Barnes,2022,-0.6705801904441954,-1.0534660000216252,-0.3828858095774298
Trendon Watford,2022,-2.060089231309114,-1.76656270908288,0.2935265222262342
Sandro Mamukelashvili,2022,-2.351229312323633,-0.0080225988558828,2.3432067134677506
Sam Hauser,2022,1.3001596182640092,2.493202186353459,1.1930425680894499
Alperen Sengun,2022,0.5820457024210035,0.520341325401187,-0.06170437701981646
Jericho Sims,2022,-1.9823636711478638,-1.302591771226761,0.6797718999211029
Josh Giddey,2022,-0.862486752388612,-0.4985529564084029,0.36393379598020914
Santi Aldama,2022,-0.16421443587325568,-1.7694185720599729,-1.605204136186717
Usman Garuba,2022,-0.6786605066216181,-1.9704613812013057,-1.2918008745796876
Isaiah Livers,2022,1.3303742599591482,-0.6570655554970949,-1.9874398154562432
Jalen Suggs,2022,-0.5972676351032307,-0.3925215944965006,0.20474604060673007
Cade Cunningham,2022,0.44815206866230267,0.2883997260555708,-0.15975234260673188
Evan Mobley,2022,1.0958732677204743,-0.8591213150886801,-1.9549945828091544
Aaron Wiggins,2022,-0.20705431672247604,-0.3669856751371415,-0.15993135841466544
Duane Washington Jr.,2022,-0.8587363450780449,-1.792216641238859,-0.9334802961608141
Dalano Banton,2022,-0.859554781308633,-2.50091208756112,-1.641357306252487
Jose Alvarado,2022,2.479886417466226,3.898816066207808,1.4189296487415821
Terry Taylor,2022,-0.555022677152393,-0.6828856525540725,-0.12786297540167957
Ish Wainright,2022,2.088914862587373,1.87549443559856,-0.21342042698881292
Jordan Goodwin,2022,-0.6263876496756856,-0.266868685719799,0.3595189639558866
Dyson Daniels,2022,-0.4443286593059763,0.5321482944064635,0.9764769537124398
Jaden Ivey,2022,-3.903692505746573,-1.1850272530108916,2.7186652527356814
Paolo Banchero,2022,-1.5024320342503634,-2.6336189993123185,-1.131186965061955
Jabari Smith Jr.,2022,-2.2030675305821337,-2.6371131505852907,-0.43404562000315705
Bennedict Mathurin,2022,-0.6846198027301761,-2.1673125126032247,-1.4826927098730485
Keegan Murray,2022,-0.11949128800510278,0.3264974706931038,0.4459887586982066
AJ Griffin,2022,0.7709092634425597,0.5531513300030914,-0.21775793343946837
Shaedon Sharpe,2022,-1.8471237841443966,-1.7693767116392702,0.07774707250512636
Malaki Branham,2022,-2.4104721413947963,-3.240207248685402,-0.8297351072906056
Jalen Duren,2022,-0.4470868503032624,-0.9583769097610568,-0.5112900594577945
Tari Eason,2022,1.2126134814025447,2.257788344407948,1.0451748630054034
Mark Williams,2022,-0.07607625517326669,-0.0122196231745508,0.06385663199871588
Jeremy Sochan,2022,-1.3953775853424872,-1.9228974587513128,-0.5275198734088256
Jalen Williams,2022,-0.8703439271230365,-0.3463176210542781,0.5240263060687584
Walker Kessler,2022,1.5357324312141223,0.2168058684130761,-1.3189265628010463
Jaylin Williams,2022,-2.5347113660643203,-1.7462384843510903,0.78847288171323
Bryce McGowens,2022,-1.5117663623149233,-2.460156523064063,-0.9483901607491398
Christian Braun,2022,-0.631360957746953,-0.1497227486889685,0.4816382090579845
Christian Koloko,2022,3.477266030379649,3.4735309522856235,-0.0037350780940257344
Caleb Houstan,2022,-0.619533769670737,-0.8633887967536541,-0.24385502708291706
David Roddy,2022,-1.7116978239775984,-2.668185551251238,-0.9564877272736394
Simone Fontecchio,2022,-4.082883023465002,-1.3604593574534296,2.7224236660115726
LeBron James,2023,2.3225587677939377,1.5730753599523255,-0.7494834078416122
Chris Paul,2023,1.3696045048260301,2.182442864031959,0.8128383592059287
Rudy Gay,2023,1.7193159131415423,2.4261369542952425,0.7068210411537001
Kyle Lowry,2023,0.3626145762670786,-0.7967778827922822,-1.1593924590593607
P.J. Tucker,2023,-0.24244001546996513,-2.482938779228113,-2.240498763758148
Kevin Durant,2023,2.490838061099716,1.986239211703856,-0.50459884939586
Al Horford,2023,0.7753532799860101,1.4177080065034795,0.6423547265174694
Mike Conley,2023,0.4839663787894579,0.56762170521618,0.08365532642672213
Jeff Green,2023,-2.446662262773741,-3.368876582463796,-0.9222143196900552
Thaddeus Young,2023,-1.0003859956981829,-2.1698274789070378,-1.1694414832088549
Derrick Rose,2023,-0.1674697207218246,-0.7258260241021854,-0.5583563033803609
Russell Westbrook,2023,-0.6267063176335979,-1.8022038178108253,-1.1754975001772274
Kevin Love,2023,0.26307164910706526,0.119616870939319,-0.14345477816774627
Danilo Gallinari,2023,-1.0231533132232897,-2.25820185128719,-1.2350485380639005
Eric Gordon,2023,-0.33179380135067743,-0.7301276321880241,-0.3983338308373467
Brook Lopez,2023,0.39016221567514525,0.7846901963651916,0.3945279806900463
Robin Lopez,2023,-1.8300211358774645,-5.315041728430288,-3.485020592552824
JaVale McGee,2023,-0.1761122000281011,-1.5065295309922129,-1.3304173309641119
Serge Ibaka,2023,-0.8093959689854004,-1.5859751720418769,-0.7765792030564764
Nicolas Batum,2023,0.7653085807269362,1.6387845456390773,0.8734759649121411
George Hill,2023,3.9213919599915212,1.12760321252055,-2.7937887474709715
DeAndre Jordan,2023,-1.5180133544821448,1.2427382998961427,2.7607516543782875
Goran Dragic,2023,-0.7061905023512366,0.2148696630181761,0.9210601653694127
Blake Griffin,2023,-0.6545223377366881,2.902452731122093,3.556975068858781
James Harden,2023,0.5400127094473041,0.6258130535746748,0.0858003441273707
Ricky Rubio,2023,1.3237424685149652,-0.6709228900532245,-1.9946653585681897
Stephen Curry,2023,2.411867739161463,1.818541051125792,-0.5933266880356711
DeMar DeRozan,2023,0.9087288386103548,0.3223053805353455,-0.5864234580750093
James Johnson,2023,0.03474019420816446,0.4293705337494228,0.39463033954125837
Jrue Holiday,2023,2.127544579284122,1.2380391588960151,-0.8895054203881068
Taj Gibson,2023,0.6167151898087108,-0.8497443704906988,-1.4664595602994095
Patrick Beverley,2023,-0.638080273157906,-0.8732172968775472,-0.23513702371964118
Danny Green,2023,-0.5546677113684934,-1.7883888330631883,-1.2337211216946948
Patty Mills,2023,0.03392559757312276,-0.5652808812637697,-0.5992064788368925
Garrett Temple,2023,-4.223698157532523,0.5141094082751295,4.737807565807652
Wesley Matthews,2023,-0.6157152634407144,-0.8524519867056175,-0.23673672326490314
John Wall,2023,-2.007474786726216,-3.611683717190932,-1.6042089304647162
Gordon Hayward,2023,0.12491549380243232,0.2372342057714945,0.1123187119690622
Paul George,2023,3.3008535202537495,2.2004243961557988,-1.1004291240979507
Ish Smith,2023,-2.486887696068247,-2.7163182588998778,-0.22943056283163088
Kyrie Irving,2023,2.37379285361008,2.725624695991993,0.35183184238191334
Tristan Thompson,2023,-0.6202965706416701,-2.727408161172132,-2.107111590530462
Jonas Valanciunas,2023,-1.0636908217954835,-1.6820784983801949,-0.6183876765847114
Bismack Biyombo,2023,0.0722671675440378,-0.6492759840408535,-0.7215431515848914
Kemba Walker,2023,-2.265196429739412,0.4907204640215065,2.7559168937609186
Klay Thompson,2023,-1.4821835940727268,-1.721479854533971,-0.23929626046124408
Alec Burks,2023,0.9527538137552876,0.631389462529949,-0.3213643512253386
Markieff Morris,2023,-1.1814270696316977,-1.5780615460061125,-0.39663447637441474
Marcus Morris Sr.,2023,-1.5284261631454439,-2.417048219441021,-0.8886220562955773
Kawhi Leonard,2023,3.167353790236579,3.7972599173124495,0.6299061270758703
Nikola Vucevic,2023,-1.3923749173736244,-1.812415686475952,-0.42004076910232757
Tobias Harris,2023,-1.1457018104588652,1.5700673061971129,2.715769116655978
Reggie Jackson,2023,-0.9884129383389345,-1.9949578041742384,-1.0065448658353038
Cory Joseph,2023,-0.007085580492362469,0.7379021585934588,0.7449877390858213
Jimmy Butler,2023,1.287171760288968,1.9240364415173947,0.6368646812284267
Bojan Bogdanovic,2023,-1.7399260669003904,-2.441727465976284,-0.7018013990758936
Davis Bertans,2023,-0.2716967594816562,-0.2368902705993837,0.03480648888227253
Anthony Davis,2023,1.754470614284576,2.421674157302236,0.6672035430176599
Bradley Beal,2023,-0.6700695533252558,-2.235247336984754,-1.5651777836594984
Damian Lillard,2023,2.4399314321138124,2.1486051980736454,-0.291326234040167
Terrence Ross,2023,-1.6373287864204635,-1.8103017264587684,-0.17297294003830488
Andre Drummond,2023,0.24492387734832768,-1.5288214867944694,-1.7737453641427972
Harrison Barnes,2023,-2.6186450367556127,-1.123371125672402,1.4952739110832107
Austin Rivers,2023,-1.5704319192520217,-3.823078831322345,-2.252646912070323
Evan Fournier,2023,-0.5040406067772116,-2.880284628669604,-2.3762440218923926
Jae Crowder,2023,-0.5552328779136727,-3.169610759691086,-2.6143778817774135
Draymond Green,2023,2.5812748061152813,3.7130205440141975,1.1317457378989162
Khris Middleton,2023,-0.2626609255992641,-0.6754072904881754,-0.4127463648889113
Will Barton,2023,-3.40331362307881,-4.059031804508346,-0.6557181814295361
Justin Holiday,2023,-0.918457071784362,-1.2757758370085712,-0.35731876522420924
JaMychal Green,2023,-0.8702521696606804,-2.712778312788331,-1.8425261431276505
Nerlens Noel,2023,-2.3946792856501333,-4.38149896246311,-1.9868196768129764
Alex Len,2023,1.5958307991447707,0.3796533630338097,-1.216177436110961
CJ McCollum,2023,-0.5993908793004373,-0.103198755620764,0.49619212367967336
Cody Zeller,2023,-0.8840995374714002,-1.029467445023459,-0.14536790755205886
Dennis Schroder,2023,-0.23170343890421297,0.3312990452296104,0.5630024841338234
Dewayne Dedmon,2023,-1.4992307821230186,-5.164216202741785,-3.664985420618766
Kelly Olynyk,2023,-0.537489692537674,0.3326064441246665,0.8700961366623405
Kentavious Caldwell-Pope,2023,-0.09047644849593181,0.5418560680676209,0.6323325165635527
Mason Plumlee,2023,-0.9266990861349671,-0.1303927553537811,0.796306330781186
Mike Muscala,2023,0.33318365985139187,-0.4916252906251021,-0.8248089504764939
Otto Porter Jr.,2023,1.4063964761251002,0.7731451457416784,-0.6332513303834219
Reggie Bullock,2023,-0.49221764805875495,-3.27405178956674,-2.7818341415079852
Robert Covington,2023,1.3468550641795856,1.714867420301153,0.36801235612156735
Rudy Gobert,2023,0.9521785313736522,1.018841649447637,0.06666311807398495
Steven Adams,2023,2.9956038933953124,4.300290744317533,1.304686850922221
Tim Hardaway Jr.,2023,-0.7577638403376673,-1.4038972078404226,-0.6461333675027553
Victor Oladipo,2023,-1.2785807893361634,-0.4142031296730952,0.8643776596630681
Giannis Antetokounmpo,2023,3.390058629216687,4.217896131822741,0.8278375026060538
Raul Neto,2023,-0.4394744803723993,-0.2647652450057984,0.17470923536660088
Seth Curry,2023,-0.3290538214101002,-0.6160540911330822,-0.287000269722982
Rodney McGruder,2023,1.4365727929147323,1.6005195349417929,0.1639467420270606
Thanasis Antetokounmpo,2023,-3.032521940674137,-6.310848845728848,-3.278326905054711
Zach LaVine,2023,-0.03678752687595205,0.4162494559829133,0.45303698285886534
Jordan Clarkson,2023,0.23353617017316688,-1.316427807840471,-1.5499639780136378
Gary Harris,2023,-0.48354949963303423,0.6205384925142255,1.1040879921472597
Spencer Dinwiddie,2023,0.43741591718517336,-0.3399278129084752,-0.7773437300936485
Khem Birch,2023,-0.9435235998532862,0.4248024367036604,1.3683260365569465
Jerami Grant,2023,-1.27192629708848,-1.791177722573345,-0.519251425484865
Joe Harris,2023,-2.0638228082855883,-2.096946624227284,-0.03312381594169578
Doug McDermott,2023,-2.010223691796992,-1.8029880735395003,0.2072356182574917
Aaron Gordon,2023,0.8358194568445428,0.8641995191110429,0.028380062266500028
T.J. Warren,2023,1.5116292850215383,1.7466948028410711,0.2350655178195329
Marcus Smart,2023,1.405499375671315,1.2354015479263247,-0.17009782774499027
Kyle Anderson,2023,-0.2867818962801911,-0.2582270037557221,0.028554892524468967
Dwight Powell,2023,0.02873948525384773,1.926563771390096,1.8978242861362484
Julius Randle,2023,0.47514164541092785,-0.1145736566363039,-0.5897153020472318
Andrew Wiggins,2023,-1.4822423361752735,-2.353339045229841,-0.8710967090545674
Joel Embiid,2023,3.8712899582153963,3.028611467995354,-0.8426784902200422
Dante Exum,2023,3.9325721280697197,2.358928187436091,-1.573643940633629
Dario Saric,2023,-1.458014062409865,-1.2837414731765984,0.1742725892332666
Clint Capela,2023,0.34024737920500486,0.6619615017576618,0.3217141225526569
Bogdan Bogdanovic,2023,1.6540131723667773,1.4236119146282828,-0.2304012577384944
Jusuf Nurkić,2023,1.328076230991656,2.3053839186028138,0.9773076876111577
Vasilije Micić,2023,0.8976420458354705,0.7789490418728338,-0.11869300396263671
Nikola Jokic,2023,6.215443491418488,7.631543167439991,1.4160996760215037
Kristaps Porzingis,2023,0.6726455782386805,1.2800508077646902,0.6074052295260096
Joe Ingles,2023,1.1588089714707135,1.6563099716296708,0.49750100015895726
T.J. McConnell,2023,0.606365491110014,0.9556842809381332,0.34931878982811915
Tyus Jones,2023,-0.21792656966753798,-2.0523284449247545,-1.8344018752572167
Montrezl Harrell,2023,2.0750240967606093,0.9451344213019094,-1.1298896754587
Delon Wright,2023,2.5815134051873154,2.34395697847542,-0.23755642671189525
D'Angelo Russell,2023,1.0293219399150182,1.6392565578123717,0.6099346178973535
Karl-Anthony Towns,2023,1.4519594942023468,0.7966642218851863,-0.6552952723171606
Richaun Holmes,2023,-2.0603782377908098,-0.062447830075501,1.9979304077153088
Justise Winslow,2023,2.06779356754899,0.7420348945080131,-1.325758673040977
Kelly Oubre Jr.,2023,-1.0955154606683446,-2.546321809107976,-1.4508063484396314
Devin Booker,2023,2.3444473246362154,2.081949461779939,-0.2624978628562764
Cameron Payne,2023,0.813863015249668,1.6352925044938642,0.8214294892441962
Myles Turner,2023,2.1179914409165654,1.6175064076337635,-0.5004850332828019
Trey Lyles,2023,0.963947831874132,0.3236908317025221,-0.6402570001716099
Stanley Johnson,2023,0.7615631426809639,1.8100220293389944,1.0484588866580304
Bobby Portis,2023,-0.2620945166940227,-0.881309432410581,-0.6192149157165583
Kevon Looney,2023,0.7877751864449788,0.9578144977485488,0.17003931130356997
Christian Wood,2023,-1.0733936270820803,-0.0125487598982473,1.060844867183833
Terry Rozier,2023,-1.0486471357226634,-2.203314614436674,-1.1546674787140108
Norman Powell,2023,-2.2668264882121254,0.611706155868335,2.8785326440804604
Pat Connaughton,2023,-2.4591425263815627,-2.094567097203304,0.3645754291782586
Willy Hernangomez,2023,-1.1682598690414445,-1.5800909636821314,-0.4118310946406869
Josh Richardson,2023,-0.7287084552170134,-1.7631047948340688,-1.0343963396170555
Larry Nance Jr.,2023,-0.2986469973373135,-0.5560019146299099,-0.2573549172925964
Royce O'Neale,2023,0.6798149128621266,0.5712028281722128,-0.10861208468991379
Cedi Osman,2023,-1.1458679746468103,-0.9298941526133848,0.21597382203342552
Ben Simmons,2023,-0.1280825938791258,0.020562985419551,0.1486455792986768
Domantas Sabonis,2023,1.324597632641992,0.914844516233154,-0.40975311640883794
Malik Beasley,2023,-1.0483594798651648,-0.2813404650378049,0.7670190148273599
Kris Dunn,2023,1.5913873150951274,1.6432709919234572,0.05188367682832973
Buddy Hield,2023,-0.4737203861496265,-1.1016317035692975,-0.627911317419671
Brandon Ingram,2023,0.6706094357877563,-0.532557856847032,-1.2031672926347885
Damian Jones,2023,-2.6345240392922853,-4.440807808962656,-1.806283769670371
Caris LeVert,2023,0.014961993018034829,0.5405888292721471,0.5256268362541123
Dejounte Murray,2023,0.41360155525455344,-2.37315311039793,-2.7867546656524835
Jamal Murray,2023,-0.8899963069705135,-0.2669469748884054,0.623049332082108
Jakob Poeltl,2023,0.8997587196073445,0.683857910100462,-0.2159008095068825
Taurean Prince,2023,-1.9256440083770658,-3.102993719780108,-1.1773497114030422
Jaylen Brown,2023,-1.2885810460272495,-1.9319333598086483,-0.6433523137813988
Malcolm Brogdon,2023,-0.3960815561149495,-0.0701478682359711,0.32593368787897836
Georges Niang,2023,-1.0808564501257516,-0.6312586623242435,0.44959778780150805
Gary Payton II,2023,1.7052010244169167,0.9694553930400188,-0.7357456313768979
Pascal Siakam,2023,0.7869157377676459,1.242043237028482,0.45512749926083607
Furkan Korkmaz,2023,-0.03555007125600387,1.3695362798063653,1.4050863510623692
Damion Lee,2023,0.029745201554900177,0.680450388581928,0.6507051870270278
Juancho Hernangomez,2023,-1.7494853880434589,-1.668550314134278,0.08093507390918098
Ivica Zubac,2023,-1.6797671118469535,0.4028230451629325,2.082590157009886
Dorian Finney-Smith,2023,-0.3457239110967303,1.4519393754273,1.7976632865240303
Fred VanVleet,2023,1.879990841115569,1.9606847819314883,0.0806939408159193
Bryn Forbes,2023,-0.3922824619086699,-3.1224665668197207,-2.730184104911051
Danuel House Jr.,2023,-0.5026270596324374,-1.471882822775846,-0.9692557631434087
Derrick Jones Jr.,2023,0.48009083828628873,0.2675221851075489,-0.21256865317873985
Alex Caruso,2023,1.6698660973362458,2.7995313181867263,1.1296652208504805
Markelle Fultz,2023,-0.19056726057267812,-0.3155686876406493,-0.1250014270679712
Lonzo Ball,2023,0.1463259022018522,4.46965779469924,4.3233318924973885
De'Aaron Fox,2023,1.1347339340380291,1.0928887265770468,-0.0418452074609823
Jayson Tatum,2023,1.7436703688977404,0.6395035777908272,-1.104166791106913
Malik Monk,2023,-0.49423352041923807,-0.6938655703497161,-0.199632049930478
Jonathan Isaac,2023,3.3594408775405777,2.0130744818265787,-1.346366395713999
Dennis Smith Jr.,2023,0.4607302452963484,1.592737703562604,1.1320074582662556
Frank Ntilikina,2023,2.892919203976165,4.098317326812253,1.2053981228360877
Lauri Markkanen,2023,1.8420829093018631,2.717560785260084,0.8754778759582207
Donovan Mitchell,2023,2.132211808917218,2.684525895915706,0.5523140869984879
Luke Kennard,2023,1.649402057187418,1.08234078170311,-0.5670612754843078
Zach Collins,2023,0.05812376973599795,-0.2513879588766154,-0.30951172861261333
John Collins,2023,-1.1784277627109172,0.434453626068282,1.6128813887791993
OG Anunoby,2023,1.5735797872445063,1.350784376144389,-0.22279541110011736
Jarrett Allen,2023,0.4189812059349641,0.0765304284691932,-0.3424507774657709
Bam Adebayo,2023,0.49753714995366694,0.5575256185336348,0.05998846857996787
Isaiah Hartenstein,2023,1.893193535915801,2.3122284866726948,0.4190349507568938
Kyle Kuzma,2023,-1.6297499577315624,-1.801741664089337,-0.1719917063577745
Derrick White,2023,2.632450591314778,3.270066605936935,0.6376160146221572
Josh Hart,2023,0.7651662196839257,1.1696544998088618,0.4044882801249361
Edmond Sumner,2023,1.1780173845854571,1.776857069560628,0.5988396849751709
Dillon Brooks,2023,1.5509963373716076,0.7038560907346356,-0.847140246636972
Thomas Bryant,2023,-0.863907986639991,-0.3433192341136044,0.5205887525263866
Monte Morris,2023,1.4473183789924535,1.7777278434535615,0.33040946446110797
Vlatko Cancar,2023,-0.5948807755076627,-0.5594528571506328,0.035427918357029964
Davon Reed,2023,-1.126237735366796,-3.0962680803993763,-1.9700303450325802
Luke Kornet,2023,0.16644728432634087,2.295582578704227,2.1291352943778863
Chris Boucher,2023,2.2529991753234198,2.517488421448386,0.2644892461249664
Daniel Theis,2023,-0.20422539778833762,0.4867899086856147,0.6910153064739524
Maxi Kleber,2023,-0.3001403782609994,-0.1581363257862001,0.14200405247479927
Torrey Craig,2023,-3.2853980710724313,-3.791606489532602,-0.5062084184601705
Grayson Allen,2023,-1.1834061665377822,-1.091574650998944,0.09183151553883828
Marvin Bagley III,2023,-0.9047375736483255,-0.7681395172450882,0.1365980564032373
Mo Bamba,2023,-0.8129431378053887,0.4815627112371224,1.2945058490425112
Keita Bates-Diop,2023,-0.7644684103302704,-1.058841951763257,-0.29437354143298666
Mikal Bridges,2023,0.9391221592649972,-0.5503700980036005,-1.4894922572685978
Miles Bridges,2023,0.6265339456434202,-0.115612325855298,-0.7421462714987183
Bruce Brown,2023,-1.2371776428947392,-2.030022104768605,-0.7928444618738659
Troy Brown Jr.,2023,-1.1741630766733488,-1.4019938036356616,-0.22783072696231277
Jalen Brunson,2023,1.778557868065051,1.5526889295648427,-0.22586893850020817
Jevon Carter,2023,0.8389371392296157,2.017977825455725,1.1790406862261091
Wendell Carter Jr.,2023,0.6603273454713401,0.4490110602130276,-0.21131628525831248
Hamidou Diallo,2023,0.9162571191131914,3.172610325700996,2.2563532065878045
Donte DiVincenzo,2023,-0.6732407216849114,0.2305044393087151,0.9037451609936266
Bruno Fernando,2023,-0.681331368184891,0.2081849425580798,0.8895163107429709
Shai Gilgeous-Alexander,2023,2.4665233157114366,4.888700644192548,2.4221773284811117
Devonte' Graham,2023,-0.3368054810274028,-1.1236659272908156,-0.7868604462634128
Aaron Holiday,2023,0.751539925505749,1.3702233490990832,0.6186834235933342
Kevin Huerter,2023,1.8470819596515586,1.1300902887585975,-0.7169916708929611
Jaren Jackson Jr.,2023,0.6485395259766764,1.5855672401016745,0.9370277141249981
Kevin Knox II,2023,-2.3341303868370034,-2.6757631046839823,-0.3416327178469789
Caleb Martin,2023,-0.03519032681529606,-0.8146997619417569,-0.7795094351264608
Cody Martin,2023,0.5948689019274138,0.0794934456282115,-0.5153754562992023
De'Anthony Melton,2023,0.04128742512184767,-0.6812393301836357,-0.7225267553054834
Chimezie Metu,2023,-0.15463504706333076,0.6644481777980148,0.8190832248613455
Shake Milton,2023,-0.6793913663913667,-0.0718845187809107,0.6075068476104559
Svi Mykhailiuk,2023,1.4786003639643153,2.077790967045672,0.5991906030813565
Josh Okogie,2023,0.17683615769047767,0.5960203302240006,0.4191841725335229
Michael Porter Jr.,2023,-0.07441849079053897,-1.4394542532911214,-1.3650357625005825
Mitchell Robinson,2023,0.9041708533771341,1.60962910658826,0.7054582532111259
Collin Sexton,2023,-0.7455682610653188,-1.223641433955856,-0.4780731728905371
Landry Shamet,2023,-0.12476365624102337,-0.08167968434156,0.043083971899463364
Anfernee Simons,2023,-0.9351652829367915,-2.180698921607286,-1.2455336386704947
Gary Trent Jr.,2023,-1.2414192858940878,-2.358106047341382,-1.1166867614472944
Jarred Vanderbilt,2023,-0.4764237971248546,-1.352495733384559,-0.8760719362597045
Moritz Wagner,2023,0.17449220341517005,-0.9587692071545522,-1.1332614105697223
Lonnie Walker IV,2023,-1.5958815483913147,-2.4984247304985026,-0.9025431821071879
P.J. Washington,2023,-0.07913054971750466,-0.862258206172709,-0.7831276564552043
Kenrich Williams,2023,2.912223932506494,2.3912416482496424,-0.5209822842568514
Trae Young,2023,0.8406570197340029,0.1447577540105153,-0.6958992657234876
Deandre Ayton,2023,-0.32886036200363106,-1.2306379165458423,-0.9017775545422113
Luka Doncic,2023,1.5115532910642608,2.928979570885711,1.4174262798214503
Goga Bitadze,2023,2.3018788216759054,2.1304449745066094,-0.171433847169296
Oshae Brissett,2023,-0.22493227392720125,1.3298634051159586,1.5547956790431599
Terence Davis,2023,2.485475315688926,1.0072636552758238,-1.4782116604131024
Robert Williams III,2023,2.1485379891150544,1.3285265374571895,-0.8200114516578649
Rui Hachimura,2023,-0.6429813700798465,-0.4555064221940997,0.18747494788574676
Jock Landale,2023,2.4118030512233655,3.0621146993520165,0.650311648128651
Wenyen Gabriel,2023,1.39729818555987,1.4672659491194642,0.06996776355959411
Duncan Robinson,2023,-0.39290790452934293,0.3763422220508569,0.7692501265801999
Kendrick Nunn,2023,-1.2392781762305647,-0.6454181639294303,0.5938600123011344
Yuta Watanabe,2023,-1.6431445256518962,-1.975771006497929,-0.33262648084603286
Jordan McLaughlin,2023,3.2619355229596807,4.384564962404237,1.1226294394445566
Gabe Vincent,2023,0.3386688819407544,-0.703732115665184,-1.0424009976059385
Drew Eubanks,2023,-1.8080133560467937,-0.6667261637022734,1.1412871923445203
Juan Toscano-Anderson,2023,-1.5623313511580088,-2.69233351356538,-1.1300021624073713
Haywood Highsmith,2023,-1.9515268776515304,-1.1148994264808525,0.8366274511706779
Amir Coffey,2023,-0.6909768581565596,-2.9030329341275705,-2.212056075971011
Terance Mann,2023,-0.15473578984461545,-1.335612414012174,-1.1808766241675586
Andrew Nembhard,2023,-1.669462205601679,-1.488207541268235,0.18125466433344406
Max Strus,2023,-0.3734429736114451,-0.7676356189468418,-0.3941926453353968
Bol Bol,2023,-0.5332127507649733,-1.3752459056074349,-0.8420331548424616
Zion Williamson,2023,0.2973785716218128,1.141914359877012,0.8445357882551993
RJ Barrett,2023,-2.478444609052721,-1.5249410081019747,0.953503600950746
Cam Reddish,2023,-4.078569073553566,-3.946828917255005,0.13174015629856095
Ja Morant,2023,0.26564238727505113,1.3105001747713323,1.0448577874962812
De'Andre Hunter,2023,-1.2027848376198864,-0.1770542051402905,1.0257306324795958
Coby White,2023,1.1687409508765332,1.348631563766959,0.17989061289042585
Brandon Clarke,2023,1.2106126687273813,2.3298810040927336,1.1192683353653523
Darius Garland,2023,2.265882522058809,1.4655407658667392,-0.8003417561920698
Jaxson Hayes,2023,-1.4055784776261069,-1.2924254088422,0.11315306878390685
Nickeil Alexander-Walker,2023,0.6336036886979919,1.282862603865836,0.6492589151678441
Tyler Herro,2023,1.2670069499909442,1.3294851116627957,0.062478161671851495
Keldon Johnson,2023,-0.926478879733786,-1.9582967456182168,-1.0318178658844308
Romeo Langford,2023,-0.9504681671353031,-1.2601908684559495,-0.3097227013206464
Nassir Little,2023,-1.0858723139504542,-2.411396092146222,-1.3255237781957678
Chuma Okeke,2023,-2.305763910292812,-2.7004955284863232,-0.3947316181935112
Kevin Porter Jr.,2023,0.17638266459543228,0.0213893049583744,-0.15499335963705788
Charles Bassey,2023,0.5847307918568025,-0.3153643186535428,-0.9000951105103454
Darius Bazley,2023,-4.260261102856957,-2.918251121694798,1.3420099811621586
Moses Brown,2023,-0.6918213250418178,0.2022706759695164,0.8940920010113342
Nic Claxton,2023,-0.795136244890667,-1.0993553997597785,-0.30421915486911144
Luguentz Dort,2023,-0.7497000479099887,-0.4654142160965787,0.28428583181341
Daniel Gafford,2023,-0.3196209741558769,0.7511246107861476,1.0707455849420244
Quentin Grimes,2023,-1.0572897903069496,-1.291815870849736,-0.23452608054278645
Talen Horton-Tucker,2023,-0.5600030609574431,-0.4079863144292439,0.15201674652819924
Ty Jerome,2023,-0.39591822067102783,0.3588848095133892,0.7548030301844171
Cameron Johnson,2023,0.6403303557973223,1.053951135576124,0.41362077977880163
Jalen McDaniels,2023,0.40599387685510674,-0.2344409662434472,-0.6404348430985539
Jaylen Nowell,2023,0.12237459498280179,-0.2932921059244346,-0.4156667009072364
Jordan Nwora,2023,-2.5937096476833545,-3.9230016495813103,-1.3292920018979557
Jordan Poole,2023,-0.4294608173922605,-1.487470853722801,-1.0580100363305405
Naz Reid,2023,-1.097691059258391,0.1650852660331268,1.2627763252915178
Isaiah Roby,2023,-0.5429440451840728,-0.4828926489818308,0.06005139620224198
Admiral Schofield,2023,-2.2599819784818287,-3.014260807410737,-0.7542788289289084
Matisse Thybulle,2023,0.06845326786464928,0.1342556248002396,0.0658023569355903
Grant Williams,2023,-1.5264929182406952,-1.6713202024714136,-0.14482728423071833
John Konchar,2023,0.681458312242637,0.5992110202887285,-0.08224729195390845
Garrison Mathews,2023,-0.3847398169366345,-1.4545136896513309,-1.0697738727146964
Dean Wade,2023,1.4874391652901269,2.6452459613584045,1.1578067960682776
Javonte Green,2023,1.325520935028188,1.0158353597668104,-0.30968557526137763
Anthony Edwards,2023,1.621998832369394,1.4289106560277938,-0.19308817634160014
LaMelo Ball,2023,0.7145976228013496,1.163740531579729,0.44914290877837926
James Wiseman,2023,-3.764045272545205,-4.463800036365896,-0.6997547638206911
Killian Hayes,2023,-2.0405975299114787,-1.665478120861123,0.3751194090503558
Deni Avdija,2023,0.31258709654513467,1.2688935907430217,0.9563064941978869
Obi Toppin,2023,1.5524784841700967,0.3614292703093655,-1.1910492138607311
Onyeka Okongwu,2023,0.3041130248753055,1.2012830664337992,0.8971700415584938
Tyrese Haliburton,2023,0.862266016648599,2.550290728602375,1.688024711953776
Devin Vassell,2023,-0.48509820211728066,-2.6426985137077743,-2.157600311590494
Isaac Okoro,2023,-0.42830684672811004,0.3575563850819624,0.7858632318100724
Patrick Williams,2023,-0.5737416867568028,-0.928689755447098,-0.35494806869029516
Precious Achiuwa,2023,-1.1163729407803153,-2.4138294344009554,-1.29745649362064
Aaron Nesmith,2023,-0.08210992176921912,0.4223261014747916,0.5044360232440107
Cole Anthony,2023,-0.7824412904389798,0.1192239165262945,0.9016652069652743
Theo Maledon,2023,-2.6677926499941034,-1.687419760798151,0.9803728891959524
Tyrese Maxey,2023,0.7357584961850454,0.9184315551629034,0.18267305897785802
Saddiq Bey,2023,-1.0802542978624674,0.4393998404184273,1.5196541382808948
R.J. Hampton,2023,-2.754403248959245,-1.5186067208808205,1.2357965280784247
Josh Green,2023,-0.16056755775621037,-1.5446769015091832,-1.3841093437529728
Jaden McDaniels,2023,-1.0076598631472782,-0.9332712482138644,0.07438861493341375
Kira Lewis Jr.,2023,-1.295910690882612,0.5263850632684003,1.8222957541510123
Jalen Smith,2023,0.5340434104651658,0.1214948600176931,-0.4125485504474727
Isaiah Stewart,2023,-0.2014229603748974,-0.2015363140922439,-0.00011335371734649824
Zeke Nnaji,2023,-0.2605792959626511,-0.4137242473476523,-0.15314495138500117
Immanuel Quickley,2023,2.0891145732595606,1.5343083246878568,-0.5548062485717038
Paul Reed,2023,1.1942595528213602,1.6343191216031807,0.4400595687818205
Aleksej Pokusevski,2023,-1.6092236909348823,-5.886470864945685,-4.277247174010803
Isaiah Joe,2023,1.3863288491973786,1.485972276626526,0.09964342742914734
Tre Jones,2023,1.2057642603346845,1.4524677470731284,0.2467034867384439
Malachi Flynn,2023,-2.0156699278231516,-2.630465227515306,-0.6147952996921546
Payton Pritchard,2023,0.1940725294915953,0.0021527349796518,-0.19191979451194352
Lamar Stevens,2023,-0.9721178545584431,0.1753930465865125,1.1475109011449556
Nick Richards,2023,-1.8141848201031787,-1.7685799608102033,0.04560485929297542
Omer Yurtseven,2023,-0.34391051386359595,-2.7728492030679925,-2.4289386892043967
Xavier Tillman,2023,-0.46703359623758817,-0.3081353895744061,0.15889820666318205
Jared Butler,2023,0.37121340635298083,0.3377906657824718,-0.033422740570509035
Desmond Bane,2023,0.6932127715259546,0.408884638554674,-0.2843281329712806
Skylar Mays,2023,-2.604306152195083,-3.831632061057672,-1.2273259088625892
Jalen Green,2023,-2.6416336835461083,-3.511980391781049,-0.8703467082349405
Daishen Nix,2023,-0.7744565330312989,-0.4198203409118801,0.3546361921194188
Jonathan Kuminga,2023,-0.18118749667869669,-0.6961349798704252,-0.5149474831917285
Naji Marshall,2023,0.4302831704661997,0.1459696657834015,-0.28431350468279815
KJ Martin,2023,0.4829550420637644,-0.5003628513695686,-0.983317893433333
Trent Forrest,2023,-1.467166310935244,-5.055857278669398,-3.5886909677341543
Anthony Lamb,2023,0.5207966928997813,0.8738954280289963,0.3530987351292151
Saben Lee,2023,-1.3878698107290734,-0.841939493875989,0.5459303168530845
Sam Merrill,2023,-0.1526444053553483,1.54633717342678,1.6989815787821283
Ayo Dosunmu,2023,-1.9563417661666145,-1.6114338873690055,0.344907878797609
Vit Krejci,2023,-0.32228633737157425,-0.0387098179465733,0.28357651942500095
Jae'Sean Tate,2023,0.4883507678331576,1.887234671784377,1.3988839039512195
Anthony Gill,2023,2.992074750749266,1.4317326015714538,-1.5603421491778122
Brandon Williams,2023,-2.293826151474478,1.158673665979324,3.452499817453802
Lindy Waters III,2023,1.0490406012296536,0.2939983379275644,-0.7550422633020892
Matt Ryan,2023,0.9644993538638467,0.7279651973785017,-0.23653415648534493
Jeremiah Robinson-Earl,2023,-2.186726811240189,-1.7773655921971527,0.40936121904303624
Brandon Boston Jr.,2023,-2.260002974870294,-1.819753918749924,0.4402490561203698
Josh Christopher,2023,-3.444845303632153,-5.71627989063227,-2.271434587000117
Herbert Jones,2023,2.14022124474422,3.7929417677767177,1.6527205230324977
Trey Murphy III,2023,0.16175114288109232,-0.2772695009661485,-0.4390206438472408
Franz Wagner,2023,2.3617912037297657,3.931735226352615,1.5699440226228494
Ziaire Williams,2023,-1.9839328144700565,-3.005511607860936,-1.0215787933908795
Ochai Agbaji,2023,0.0836002911855263,0.020292080423324,-0.06330821076220229
Greg Brown III,2023,-0.25589685485983216,1.1674490950876617,1.4233459499474939
Chris Duarte,2023,-1.237081167772898,-2.244374273604622,-1.0072931058317243
Bones Hyland,2023,-0.14661214596886898,-2.4313360669833464,-2.284723921014477
Miles McBride,2023,0.5504050907494952,1.144479071332907,0.5940739805834118
Moses Moody,2023,-0.8246909678373703,-0.9942397124465858,-0.16954874460921554
Isaiah Jackson,2023,0.6375670617159728,0.6337379772805058,-0.003829084435466923
Tre Mann,2023,-0.37303010089461913,0.1935567099772157,0.5665868108718348
James Bouknight,2023,-0.961042567366757,-0.5397870156964364,0.4212555516703206
Day'Ron Sharpe,2023,1.063928028747118,1.9128339619944952,0.8489059332473772
JT Thor,2023,0.9624477292614422,0.36702131437202,-0.5954264148894222
Jalen Johnson,2023,-1.463933140809198,-0.0120735187604636,1.4518596220487343
Keon Johnson,2023,-2.7571514592954145,-2.946939846910543,-0.1897883876151285
Kessler Edwards,2023,-1.4942659934690743,-2.764959798674155,-1.2706938052050807
Corey Kispert,2023,-0.8599117366158163,-1.563361574555251,-0.7034498379394346
Davion Mitchell,2023,-0.5986312137760239,0.9332113796261804,1.5318425934022044
Austin Reaves,2023,0.11641645001797596,0.2572441171500506,0.14082766713207462
Cam Thomas,2023,-2.240674118375072,-1.9621829864581977,0.27849113191687414
Scottie Barnes,2023,-0.8954461000183813,-0.21663668344718,0.6788094165712013
Luka Garza,2023,-0.21433208148482394,1.2461076025015216,1.4604396839863456
Trendon Watford,2023,-1.501578302720448,-0.0210477221998887,1.4805305805205593
Sandro Mamukelashvili,2023,-0.006819209027500379,1.1115221490410938,1.1183413580685941
Sam Hauser,2023,2.11922185840044,2.0725874687559864,-0.046634389644453655
Julian Champagnie,2023,-1.0679667244631292,-0.901828966195822,0.16613775826730726
Alperen Sengun,2023,0.44229012659100897,2.0362591285462224,1.5939690019552133
Jericho Sims,2023,-1.1072030055427469,-1.743149054813404,-0.6359460492706572
Josh Giddey,2023,-0.42377001294714245,-1.08587991008237,-0.6621098971352275
Santi Aldama,2023,-1.5040057862509768,-1.1027113678217653,0.40129441842921154
Usman Garuba,2023,-1.6748921740211098,-3.282079861523377,-1.6071876875022673
Isaiah Livers,2023,-0.5585057221725307,-2.213225032580838,-1.6547193104083073
Jalen Suggs,2023,-0.3336433553220255,0.3319951326663708,0.6656384879883963
Cade Cunningham,2023,0.24513976714723518,1.1593652555713934,0.9142254884241582
Evan Mobley,2023,-0.730253117825378,0.4419316740779673,1.1721847919033452
Aaron Wiggins,2023,-0.31193782386657026,1.1462694089464331,1.4582072328130034
Duane Washington Jr.,2023,-1.52338414505303,-0.5370187884067542,0.9863653566462759
Dalano Banton,2023,-2.1257752744269522,-2.4762448387846607,-0.3504695643577085
Jose Alvarado,2023,3.313993656276637,2.5757631321070824,-0.7382305241695546
Eugene Omoruyi,2023,-1.0248494103999353,-1.6825946256383593,-0.657745215238424
Terry Taylor,2023,-0.5804528046709616,1.980736023765865,2.5611888284368267
Ish Wainright,2023,1.5941702702587761,1.2653945903956791,-0.32877567986309697
Jordan Goodwin,2023,-0.22683838286182914,-0.3674484098833348,-0.14061002702150568
MarJon Beauchamp,2023,-1.8127208464475673,-1.39624161445043,0.4164792319971373
Dyson Daniels,2023,0.45232605024549394,0.4579320906108236,0.005606040365329634
Jaden Hardy,2023,-1.507007310218556,-1.7316886231810535,-0.2246813129624976
Scoot Henderson,2023,-3.8349756090475076,-2.061041285410368,1.7739343236371394
Jaden Ivey,2023,-1.007273165059258,-2.014013299889508,-1.0067401348302503
Paolo Banchero,2023,-2.238576149415471,-3.730374555294853,-1.4917984058793823
Jabari Smith Jr.,2023,-2.2415461779974972,-1.5200166998642506,0.7215294781332466
Chet Holmgren,2023,2.277151614967041,2.3013836158406566,0.024232000873615434
Bennedict Mathurin,2023,-1.8422156357127408,-1.879453353435864,-0.03723771772312312
Johnny Davis,2023,-3.0490338032121023,-2.452576177489287,0.5964576257228154
Keegan Murray,2023,0.27752285008913824,-0.1799636357800896,-0.4574864858692278
AJ Griffin,2023,0.47017863050262765,0.5831897503009488,0.11301111979832112
Shaedon Sharpe,2023,-1.5039702048933796,-1.5247525319584896,-0.020782327065109962
Malaki Branham,2023,-2.7541761613825915,-3.124144805975145,-0.36996864459255363
Blake Wesley,2023,-1.9074059463954043,-1.0196370241214887,0.8877689222739156
Jalen Duren,2023,-0.8146203732968983,-1.0367802446061667,-0.2221598713092684
Tari Eason,2023,1.9191200927467558,2.2935511535610607,0.3744310608143049
Nikola Jovic,2023,1.2490629634040373,0.7632288882274942,-0.4858340751765431
Max Christie,2023,-0.5324187394417622,-1.1771303771512829,-0.6447116377095207
Mark Williams,2023,-0.01038667969836818,-0.6339879125770944,-0.6236012328787263
Jeremy Sochan,2023,-1.6344628399386159,-0.2282612150561878,1.406201624882428
Jalen Williams,2023,-0.2943699778961364,-1.2667917803679685,-0.9724218024718321
Patrick Baldwin,2023,-1.3233705204893944,-0.5278770507887433,0.7954934697006512
Walker Kessler,2023,0.1842849881511147,-0.2166492147921705,-0.4009342029432852
Jaylin Williams,2023,-1.4843027116984266,-0.7866392940987446,0.6976634175996821
Bryce McGowens,2023,-2.0911330446044536,-2.14334230733958,-0.052209262735126494
Christian Braun,2023,-0.12726433638562323,0.4129964588229973,0.5402607952086205
Christian Koloko,2023,2.9525013094427797,3.627776680673076,0.6752753712302964
Jabari Walker,2023,-0.30946528220013575,0.5652051568187412,0.8746704390188769
Keon Ellis,2023,1.0856549934458342,1.0225509813933966,-0.06310401205243754
Jaime Jaquez Jr.,2023,0.5282273746030852,-0.6304668920865067,-1.1586942666895919
Ousmane Dieng,2023,0.3865400571316846,0.0057134449245115,-0.3808266122071731
Kris Murray,2023,1.0689582935421236,1.3677616302723536,0.2988033367302301
Marcus Sasser,2023,-0.5371440247767855,0.3422800127323852,0.8794240375091706
Dalen Terry,2023,0.8897785449555068,-1.121267966917571,-2.0110465118730776
Peyton Watson,2023,-0.21888101843906954,-1.0470494734214393,-0.8281684549823698
Caleb Houstan,2023,-0.733880477240606,-0.8686191476477637,-0.1347386704071577
Trayce Jackson-Davis,2023,-1.429104854528464,-1.7900690714121958,-0.3609642168837319
Jake LaRavia,2023,-1.8093921616818196,-0.4603347018379536,1.349057459843866
David Roddy,2023,-2.267957718563552,-2.544896370651652,-0.27693865208809987
Dominick Barlow,2023,0.41579302346451075,0.450829297073461,0.03503627360895023
Vince Williams Jr.,2023,-0.07092554036566899,-0.6733058871909485,-0.6023803468252795
AJ Green,2023,1.5460804252506561,2.621801086453009,1.0757206612023527
Simone Fontecchio,2023,-1.156390453835415,-0.6005544455675379,0.5558360082678772
Victor Wembanyama,2023,1.8108005029419039,2.633610074743139,0.8228095718012349
Brandon Miller,2023,-2.383599570189265,-1.8771747215959704,0.5064248485932945
Taylor Hendricks,2023,-0.28173122346782214,-0.8150233977623363,-0.5332921742945143
Amen Thompson,2023,1.5692669629181257,1.99485659653293,0.4255896336148042
Ausar Thompson,2023,0.8159414086804616,1.3002987743284269,0.4843573656479653
Anthony Black,2023,-1.5018201416026722,-1.1526794416376474,0.34914069996502484
Gradey Dick,2023,-2.8531675366762252,-2.676551246664414,0.17661629001181112
GG Jackson,2023,-1.0258194322087084,-3.1152626211108028,-2.089443188902094
Cam Whitmore,2023,-0.9276669293315833,-1.610331134529074,-0.6826642051974907
Cason Wallace,2023,-0.6905704673204227,-1.1822816179692877,-0.49171115064886495
Keyonte George,2023,-3.127000622568679,-4.152124163561844,-1.0251235409931647
Jordan Hawkins,2023,-1.7406038050185613,-3.31065160926754,-1.5700478042489787
Dereck Lively II,2023,-0.2459434148624589,1.662168899221507,1.9081123140839658
Bilal Coulibaly,2023,-3.1821616126584713,-2.235350598769592,0.9468110138888792
Toumani Camara,2023,1.5464953421568148,2.240770654375809,0.6942753122189942
Brandin Podziemski,2023,2.280754665712696,2.220816430109884,-0.059938235602812195
Ben Sheppard,2023,0.9350417729025665,0.3088984333228271,-0.6261433395797393
Duop Reath,2023,0.55018745542501,-0.3855057949930274,-0.9356932504180374
