name,age,team_name,position,pos_category,o_rapm,d_rapm,total_rapm,games,off_poss,tier,tier_name,tier_color,proj_1yr,proj_3yr,proj_5yr,tier_1yr,tier_3yr,tier_5yr,tier_change_1yr,tier_change_3yr,tier_change_5yr,player_type,draft_position,raw_o_rapm,raw_d_rapm,raw_net_rapm
Nikola Jokic,29.700205338809035,DEN,0,big,6.98181956544017,-2.2835363412234098,9.26535590666358,70,5390,1,MVP Caliber,#FFD700,9.06535590666358,8.26535590666358,7.265355906663579,1,1,1,0,0,0,veteran,,,,
Paul George,34.502395619438744,PHI,0,wing,3.84418546838374,-2.41041282707396,6.254598295457701,41,4937,1,MVP Caliber,#FFD700,5.654598295457701,3.8545982954577007,-10.0,1,1,2,0,0,-1,veteran,,,,
Giannis Antetokounmpo,29.905544147843944,MIL,0,big,3.7486935616906,-2.19097056807701,5.93966412976761,67,5353,1,MVP Caliber,#FFD700,5.739664129767609,4.939664129767609,3.9396641297676083,1,1,1,0,0,0,veteran,,,,
Kyrie Irving,32.610540725530456,DAL,0,combo,5.3393898729381,-0.50494210802383,5.84433198096193,50,4113,1,MVP Caliber,#FFD700,5.4443319809619295,4.24433198096193,2.4443319809619304,1,1,2,0,0,-1,veteran,,,,
Jrue Holiday,34.390143737166326,BOS,0,combo,3.94232848318328,-1.29709660800172,5.239425091185,62,4505,1,MVP Caliber,#FFD700,4.639425091185,2.8394250911850003,-10.0,1,2,2,0,-1,-1,veteran,,,,
Kawhi Leonard,33.34428473648186,LAC,0,forward,3.14830635361612,-2.08840159875415,5.23670795237027,37,4611,1,MVP Caliber,#FFD700,4.63670795237027,3.1367079523702706,-10.0,1,2,2,0,-1,-1,veteran,,,,
Chet Holmgren,22.50513347022587,OKC,0,big,3.26158445023306,-1.90449147477379,5.16607592500685,32,5024,1,MVP Caliber,#FFD700,5.16607592500685,5.16607592500685,4.966075925006851,1,1,1,0,0,0,veteran,,,,
Jayson Tatum,26.666666666666668,BOS,0,wing,3.8865149230672498,-1.15880699496828,5.04532191803553,72,5271,1,MVP Caliber,#FFD700,4.94532191803553,4.54532191803553,3.9453219180355297,1,1,1,0,0,0,veteran,,,,
Draymond Green,34.66392881587954,GSW,0,big,0.56038598119551,-4.34680450466282,4.9071904858583295,68,3076,1,MVP Caliber,#FFD700,4.30719048585833,2.50719048585833,-10.0,1,2,2,0,-1,-1,veteran,,,,
Kevin Durant,36.09034907597536,PHX,0,big,3.78693536539854,-1.03363023409256,4.8205655994911005,62,5654,1,MVP Caliber,#FFD700,3.9205655994911006,-10.0,-10.0,1,2,2,0,-1,-1,veteran,,,,
Stephen Curry,36.63518138261465,GSW,0,point,4.33332331446573,-0.46681077194054,4.80013408640627,70,5077,1,MVP Caliber,#FFD700,3.9001340864062697,-10.0,-10.0,1,2,2,0,-1,-1,veteran,,,,
LeBron James,39.83846680355921,LAL,0,big,3.85547525884861,-0.708066457187,4.56354171603561,70,5188,1,MVP Caliber,#FFD700,-10.0,-10.0,-10.0,1,2,2,0,-1,-1,veteran,,,,
Derrick White,30.33538672142368,BOS,0,combo,1.6265363425340102,-2.72629223417802,4.35282857671203,76,4792,1,MVP Caliber,#FFD700,3.95282857671203,3.15282857671203,1.95282857671203,1,2,2,0,-1,-1,veteran,,,,
Myles Turner,28.607802874743328,IND,0,big,2.8599750093183203,-1.32959574076275,4.189570750081071,72,4371,1,MVP Caliber,#FFD700,3.9895707500810706,3.3895707500810706,2.5895707500810707,1,2,2,0,-1,-1,veteran,,,,
Delon Wright,32.51745379876797,NYK,0,point,1.57790706253247,-2.51297948565994,4.09088654819241,25,1514,1,MVP Caliber,#FFD700,3.69088654819241,2.49088654819241,0.6908865481924099,2,2,3,-1,-1,-2,veteran,,,,
Sam Hauser,26.899383983572896,BOS,0,forward,2.39359064191557,-1.69346545142156,4.0870560933371305,71,3459,1,MVP Caliber,#FFD700,3.9870560933371304,3.58705609333713,2.98705609333713,1,2,2,0,-1,-1,veteran,,,,
Jonathan Isaac,27.08008213552361,ORL,0,forward,0.25689498628838,-3.74622441848945,4.00311940477783,71,1798,1,MVP Caliber,#FFD700,3.8031194047778296,3.4031194047778293,2.6031194047778294,2,2,2,-1,-1,-1,veteran,,,,
Damian Lillard,34.299794661190965,MIL,0,point,5.0038841182055,1.02783838754695,3.9760457306585497,58,5423,2,All-NBA,#C0C0C0,3.3760457306585496,1.5760457306585498,-10.0,2,2,3,0,0,-1,veteran,,,,
Shai Gilgeous-Alexander,26.308008213552363,OKC,0,point,3.4281360351011205,-0.46931007354711,3.8974461086482304,76,5370,2,All-NBA,#C0C0C0,3.7974461086482303,3.39744610864823,2.79744610864823,2,2,2,0,0,0,veteran,,,,
Kenrich Williams,29.916495550992472,OKC,0,big,0.64184151861326,-3.1978519564829098,3.83969347509617,69,2090,2,All-NBA,#C0C0C0,3.63969347509617,2.83969347509617,1.83969347509617,2,2,2,0,0,0,veteran,,,,
Aaron Gordon,29.127994524298423,DEN,0,big,2.17201551866799,-1.6495396664521,3.82155518512009,51,4503,2,All-NBA,#C0C0C0,3.62155518512009,2.82155518512009,1.82155518512009,2,2,2,0,0,0,veteran,,,,
Jose Alvarado,26.55715263518138,NOP,0,point,1.05859292890702,-2.75836737464981,3.8169603035568302,56,2081,2,All-NBA,#C0C0C0,3.71696030355683,3.31696030355683,2.7169603035568297,2,2,2,0,0,0,veteran,,,,
Jalen Brunson,28.16974674880219,NYK,0,point,4.29160887204726,0.52893786423468,3.76267100781258,65,5428,2,All-NBA,#C0C0C0,3.56267100781258,2.9626710078125797,2.16267100781258,2,2,2,0,0,0,veteran,,,,
Bogdan Bogdanovic,32.205338809034906,LAC,0,wing,3.4312857631187703,-0.26179011808906,3.69307588120783,30,4969,2,All-NBA,#C0C0C0,3.2930758812078302,2.09307588120783,0.2930758812078301,2,2,3,0,0,-1,veteran,,,,
Devin Booker,28.005475701574262,PHX,0,combo,4.72641271890467,1.1234241623331,3.60298855657157,75,5030,2,All-NBA,#C0C0C0,3.40298855657157,2.8029885565715698,2.00298855657157,2,2,2,0,0,0,veteran,,,,
Gary Payton II,31.91786447638604,GSW,0,wing,2.10429473960006,-1.41414763500528,3.51844237460534,62,1398,2,All-NBA,#C0C0C0,3.11844237460534,2.11844237460534,0.6184423746053399,2,2,3,0,0,-1,veteran,,,,
Donovan Mitchell,28.150581793292265,CLE,0,combo,3.11045166636874,-0.37119578793662,3.48164745430536,71,3997,2,All-NBA,#C0C0C0,3.28164745430536,2.68164745430536,1.88164745430536,2,2,2,0,0,0,veteran,,,,
Franz Wagner,23.1813826146475,ORL,0,wing,0.67725706074303,-2.7962215811726603,3.4734786419156904,60,4697,2,All-NBA,#C0C0C0,3.4734786419156904,3.3734786419156904,3.07347864191569,2,1,1,0,1,1,veteran,,,,
Jimmy Butler,35.13210130047912,MIA,0,forward,3.05312833478694,-0.37085192921192,3.42398026399886,25,4068,2,All-NBA,#C0C0C0,2.52398026399886,-10.0,-10.0,2,3,4,0,-1,-2,veteran,,,,
Anthony Edwards,23.241615331964407,MIN,0,combo,2.06659728072067,-1.30934325121722,3.37594053193789,79,5585,2,All-NBA,#C0C0C0,3.37594053193789,3.27594053193789,2.9759405319378898,2,1,2,0,1,0,veteran,,,,
Fred VanVleet,30.68309377138946,HOU,0,point,1.83412266889788,-1.45847543376047,3.29259810265835,60,5466,2,All-NBA,#C0C0C0,2.8925981026583503,2.0925981026583504,0.8925981026583504,2,2,3,0,0,-1,veteran,,,,
Darius Garland,24.76659822039699,CLE,0,point,2.652082811784,-0.54435678587198,3.19643959765598,75,3817,2,All-NBA,#C0C0C0,3.19643959765598,2.99643959765598,2.5964395976559795,2,2,2,0,0,0,veteran,,,,
Jock Landale,29.021218343600275,HOU,0,big,2.02931819845215,-1.14040234223605,3.1697205406882,33,1593,2,All-NBA,#C0C0C0,2.9697205406881997,2.1697205406882,1.1697205406881999,2,2,3,0,0,-1,veteran,,,,
Desmond Bane,26.354551676933607,MEM,0,wing,1.77120791473153,-1.35814483669815,3.12935275142968,69,2985,2,All-NBA,#C0C0C0,3.02935275142968,2.6293527514296797,2.0293527514296796,2,2,2,0,0,0,veteran,,,,
Dante Exum,29.305954825462013,DAL,0,combo,2.49143791424403,-0.57281375076428,3.0642516650083103,20,2202,2,All-NBA,#C0C0C0,2.86425166500831,2.0642516650083103,1.0642516650083103,2,2,3,0,0,-1,veteran,,,,
Herbert Jones,26.072553045859,NOP,0,forward,0.97382013014583,-2.08499778013441,3.05881791028024,20,4680,2,All-NBA,#C0C0C0,2.95881791028024,2.5588179102802395,1.9588179102802394,2,2,2,0,0,0,veteran,,,,
Immanuel Quickley,25.377138945927445,TOR,0,combo,-0.54220870295384,-3.59587493595639,3.05366623300255,33,3978,2,All-NBA,#C0C0C0,2.95366623300255,2.6536662330025496,2.253666233002549,2,2,2,0,0,0,veteran,,,,
Isaiah Hartenstein,26.494182067077343,OKC,0,big,2.58227562711263,-0.46716162975182,3.04943725686445,57,3794,2,All-NBA,#C0C0C0,2.94943725686445,2.5494372568644494,1.9494372568644494,2,2,2,0,0,0,veteran,,,,
Luka Doncic,25.675564681724847,LAL,0,point,2.65054533060044,-0.36169627884986,3.0122416094503,28,5358,2,All-NBA,#C0C0C0,2.9122416094503,2.6122416094502996,2.2122416094502992,2,2,2,0,0,0,veteran,,,,
Kevon Looney,28.736481861738536,GSW,0,big,2.43052215982333,-0.56616247068467,2.996684630508,75,2404,2,All-NBA,#C0C0C0,2.796684630508,2.196684630508,1.396684630508,2,2,3,0,0,-1,veteran,,,,
Anthony Davis,31.644079397672822,LAL,0,big,-0.16978787758518,-3.12276811402183,2.95298023643665,42,5667,2,All-NBA,#C0C0C0,2.55298023643665,1.55298023643665,0.05298023643665006,2,2,3,0,0,-1,veteran,,,,
Pascal Siakam,30.584531143052704,IND,0,big,3.0824633802297297,0.47934275567254,2.6031206245571896,78,5509,2,All-NBA,#C0C0C0,2.2031206245571897,1.4031206245571899,0.20312062455718993,2,3,3,0,-1,-1,veteran,,,,
Clint Capela,30.458590006844627,ATL,0,big,1.58565913347252,-1.01081906490849,2.5964781983810097,55,3919,2,All-NBA,#C0C0C0,2.1964781983810098,1.39647819838101,0.19647819838101,2,3,3,0,-1,-1,veteran,,,,
Obi Toppin,26.663928815879533,IND,0,forward,2.97906602463672,0.40377307305576,2.57529295158096,79,3686,2,All-NBA,#C0C0C0,2.47529295158096,2.0752929515809595,1.4752929515809594,2,2,2,0,0,0,veteran,,,,
Dillon Brooks,28.77754962354552,HOU,0,wing,-0.04330215533653,-2.59229788572905,2.54899573039252,75,4544,2,All-NBA,#C0C0C0,2.3489957303925197,1.7489957303925197,0.9489957303925197,2,2,3,0,0,-1,veteran,,,,
Javonte Green,31.277207392197127,CLE,0,wing,2.09001557278214,-0.45775820377308,2.54777377655522,50,463,2,All-NBA,#C0C0C0,2.14777377655522,1.14777377655522,-0.35222622344477994,2,3,4,0,-1,-2,veteran,,,,
Dean Wade,27.94798083504449,CLE,0,forward,-1.5991575072508,-4.08078909880164,2.48163159155084,59,2222,2,All-NBA,#C0C0C0,2.28163159155084,1.8816315915508397,1.0816315915508397,2,2,3,0,0,-1,veteran,,,,
Lauri Markkanen,27.44695414099932,UTA,0,forward,2.83566946960162,0.35553353762003,2.48013593198159,47,3798,2,All-NBA,#C0C0C0,2.2801359319815897,1.8801359319815896,1.0801359319815895,2,2,3,0,0,-1,veteran,,,,
Mikal Bridges,28.17248459958932,NYK,0,wing,1.66976186490322,-0.8062007219352799,2.4759625868385,82,5552,2,All-NBA,#C0C0C0,2.2759625868385,1.6759625868384997,0.8759625868384998,2,2,3,0,0,-1,veteran,,,,
Chris Paul,39.49075975359343,SAS,0,point,0.2887855141998799,-2.15908133644311,2.4478668506429897,82,3044,2,All-NBA,#C0C0C0,-10.0,-10.0,-10.0,3,4,5,-1,-2,-3,veteran,,,,
Rudy Gobert,32.35044490075291,MIN,0,big,-0.38039727452978,-2.82320369622095,2.44280642169117,72,5121,2,All-NBA,#C0C0C0,2.04280642169117,0.84280642169117,-0.95719357830883,2,3,4,0,-1,-2,veteran,,,,
Kevin Huerter,26.18206707734429,CHI,0,wing,2.5317837790505697,0.14464077551299,2.38714300353758,26,3239,2,All-NBA,#C0C0C0,2.28714300353758,1.8871430035375798,1.28714300353758,2,2,3,0,0,-1,veteran,,,,
Alex Caruso,30.67488021902806,OKC,0,forward,-1.44467843621973,-3.79916867503091,2.35449023881118,54,4033,2,All-NBA,#C0C0C0,1.95449023881118,1.1544902388111802,-0.045509761188819775,2,3,4,0,-1,-2,veteran,,,,
OG Anunoby,27.29363449691992,NYK,0,forward,0.0098483041360097,-2.32960279401046,2.3394510981464696,74,3429,2,All-NBA,#C0C0C0,2.1394510981464694,1.7394510981464695,0.9394510981464695,2,3,3,0,-1,-1,veteran,,,,
Ben Sheppard,23.29637234770705,IND,0,wing,2.30160979972474,-0.0018626197558904,2.3034724194806304,63,1712,2,All-NBA,#C0C0C0,2.3034724194806304,2.2034724194806303,1.9034724194806303,2,2,2,0,0,0,veteran,,,,
Dereck Lively II,20.720054757015745,DAL,0,big,3.0685498478176703,0.76805265447533,2.3004971933423404,36,2654,2,All-NBA,#C0C0C0,2.3004971933423404,2.3004971933423404,2.3004971933423404,2,2,2,0,0,0,veteran,,,,
Brandin Podziemski,21.683778234086244,GSW,0,combo,2.39121066915198,0.10736670432458,2.2838439648274,64,3941,2,All-NBA,#C0C0C0,2.2838439648274,2.2838439648274,2.1838439648273997,2,2,2,0,0,0,veteran,,,,
Al Horford,38.41478439425051,BOS,0,big,1.0797309859865,-1.00093004459166,2.08066103057816,60,3439,2,All-NBA,#C0C0C0,-10.0,-10.0,-10.0,3,4,5,-1,-2,-3,veteran,,,,
Karl-Anthony Towns,28.9637234770705,NYK,0,big,1.94635180076568,-0.10206876592387,2.04842056668955,72,4081,2,All-NBA,#C0C0C0,1.8484205666895501,1.2484205666895503,0.4484205666895502,3,3,4,-1,-1,-2,veteran,,,,
DeMar DeRozan,35.23613963039014,SAC,0,wing,2.49317521225582,0.4466844955440099,2.04649071671181,77,5890,2,All-NBA,#C0C0C0,1.14649071671181,-10.0,-10.0,3,4,5,-1,-2,-3,veteran,,,,
Chris Boucher,31.805612594113622,TOR,0,big,0.65866069823659,-1.38367622423011,2.0423369224667,50,1350,2,All-NBA,#C0C0C0,1.6423369224667002,0.6423369224667003,-0.8576630775332997,3,3,4,-1,-1,-2,veteran,,,,
Zion Williamson,24.32306639288159,NOP,0,forward,1.11464251412257,-0.8239295959121601,1.93857211003473,30,4539,3,All-Star,#CD7F32,1.93857211003473,1.7385721100347298,1.3385721100347299,3,2,3,0,1,0,veteran,,,,
Monte Morris,29.349760438056126,PHX,0,point,2.65322808886046,0.74151512242978,1.91171296643068,38,962,3,All-Star,#CD7F32,1.71171296643068,0.9117129664306799,-0.0882870335693201,3,3,4,0,0,-1,veteran,,,,
Josh Hart,29.659137577002053,NYK,0,wing,1.33315191491951,-0.55405639202192,1.8872083069414305,77,5297,3,All-Star,#CD7F32,1.6872083069414305,0.8872083069414306,-0.1127916930585694,3,3,4,0,0,-1,veteran,,,,
Naji Marshall,26.770704996577688,DAL,0,wing,0.41956692297733,-1.39564053840873,1.81520746138606,69,2558,3,All-Star,#CD7F32,1.71520746138606,1.31520746138606,0.7152074613860601,3,3,3,0,0,0,veteran,,,,
Jarrett Allen,26.5325119780972,CLE,0,big,0.74614522951896,-0.99875203349282,1.7448972630117798,82,4907,3,All-Star,#CD7F32,1.6448972630117797,1.2448972630117798,0.6448972630117799,3,3,3,0,0,0,veteran,,,,
Goga Bitadze,25.286789869952088,ORL,0,big,1.88746232123625,0.23912832972057,1.64833399151568,69,1919,3,All-Star,#CD7F32,1.54833399151568,1.24833399151568,0.84833399151568,3,3,3,0,0,0,veteran,,,,
Ja Morant,25.229295003422312,MEM,0,point,1.76576263112345,0.141204319828,1.62455831129545,50,656,3,All-Star,#CD7F32,1.52455831129545,1.22455831129545,0.82455831129545,3,3,3,0,0,0,veteran,,,,
Payton Pritchard,26.75975359342916,BOS,0,point,2.1506534181328902,0.55727523757561,1.5933781805572802,80,3565,3,All-Star,#CD7F32,1.49337818055728,1.0933781805572802,0.4933781805572802,3,3,3,0,0,0,veteran,,,,
Larry Nance Jr.,31.83299110198494,ATL,0,big,0.24356436418304,-1.32062884192004,1.56419320610308,24,2450,3,All-Star,#CD7F32,1.16419320610308,0.16419320610307997,-1.33580679389692,3,4,5,0,-1,-2,veteran,,,,
Tari Eason,23.479808350444905,HOU,0,forward,0.19507276810961,-1.32229593171156,1.5173686998211702,57,976,3,All-Star,#CD7F32,1.5173686998211702,1.41736869982117,1.11736869982117,3,2,2,0,1,1,veteran,,,,
Luke Kennard,28.35592060232717,MEM,0,combo,1.19123813877793,-0.32546381427849,1.51670195305642,65,2025,3,All-Star,#CD7F32,1.3167019530564201,0.7167019530564201,-0.0832980469435799,3,3,4,0,0,-1,veteran,,,,
De'Aaron Fox,26.86652977412731,SAS,0,combo,2.39599007632306,0.90402695697173,1.4919631193513303,45,5527,3,All-Star,#CD7F32,1.3919631193513302,0.9919631193513303,0.3919631193513303,3,3,4,0,0,-1,veteran,,,,
Victor Wembanyama,20.826830937713893,SAS,0,big,-1.6019358353290498,-3.02605169347244,1.4241158581433904,46,4405,3,All-Star,#CD7F32,1.4241158581433904,1.4241158581433904,1.4241158581433904,3,2,2,0,1,1,veteran,,,,
Tyrese Maxey,23.991786447638603,PHI,0,point,2.0853153773001,0.66853525208938,1.4167801252107202,52,5255,3,All-Star,#CD7F32,1.4167801252107202,1.31678012521072,1.01678012521072,3,2,3,0,1,0,veteran,,,,
Austin Reaves,26.428473648186174,LAL,0,combo,1.16244850023111,-0.22712751234307,1.38957601257418,73,5481,3,All-Star,#CD7F32,1.28957601257418,0.8895760125741801,0.2895760125741801,3,3,4,0,0,-1,veteran,,,,
Keon Ellis,24.815879534565365,SAC,0,combo,-0.4419795002803099,-1.79934728849481,1.3573677882145,79,1958,3,All-Star,#CD7F32,1.3573677882145,1.1573677882145,0.7573677882145,3,3,3,0,0,0,veteran,,,,
Tyrese Haliburton,24.673511293634498,IND,0,combo,2.99028592993263,1.6394605975945502,1.35082533233808,73,4739,3,All-Star,#CD7F32,1.35082533233808,1.15082533233808,0.75082533233808,3,3,3,0,0,0,veteran,,,,
Bam Adebayo,27.290896646132783,MIA,0,big,-1.38416224985763,-2.67108254086868,1.2869202910110498,78,4809,3,All-Star,#CD7F32,1.0869202910110498,0.6869202910110499,-0.11307970898895014,3,4,4,0,-1,-1,veteran,,,,
Kristaps Porzingis,29.25119780971937,BOS,0,big,0.8588685620116899,-0.41338552045378,1.27225408246547,42,3496,3,All-Star,#CD7F32,1.07225408246547,0.27225408246547,-0.72774591753453,3,4,4,0,-1,-1,veteran,,,,
Mike Conley,37.059548254620125,MIN,0,point,1.28601694802239,0.01911031663513,1.26690663138726,71,4365,3,All-Star,#CD7F32,-10.0,-10.0,-10.0,4,5,5,-1,-2,-2,veteran,,,,
Isaiah Joe,25.336071184120467,OKC,0,wing,1.7278634313548602,0.47966794538547,1.2481954859693902,74,3071,3,All-Star,#CD7F32,1.1481954859693901,0.8481954859693901,0.44819548596939013,3,3,4,0,0,-1,veteran,,,,
Day'Ron Sharpe,22.98699520876112,BKN,0,big,1.87040695395386,0.62419685228963,1.2462101016642302,50,1787,3,All-Star,#CD7F32,1.2462101016642302,1.2462101016642302,1.04621010166423,3,3,3,0,0,0,veteran,,,,
Tre Jones,24.815879534565365,CHI,0,wing,1.7163578969652398,0.54125829888079,1.17509959808445,28,4405,3,All-Star,#CD7F32,1.17509959808445,0.97509959808445,0.57509959808445,3,3,3,0,0,0,veteran,,,,
Domantas Sabonis,28.49828884325804,SAC,0,big,0.76398571486794,-0.39468449923238,1.15867021410032,70,6003,3,All-Star,#CD7F32,0.95867021410032,0.3586702141003201,-0.44132978589967997,3,4,4,0,-1,-1,veteran,,,,
Jaime Jaquez Jr.,23.7015742642026,MIA,0,wing,0.80129206906144,-0.34104591320078,1.14233798226222,64,4223,3,All-Star,#CD7F32,1.14233798226222,1.0423379822622199,0.7423379822622198,3,3,3,0,0,0,veteran,,,,
Khris Middleton,33.223819301848046,MIL,0,wing,1.55808871196884,0.42353043582915,1.13455827613969,23,3109,3,All-Star,#CD7F32,0.53455827613969,-0.96544172386031,-10.0,4,5,5,-1,-2,-2,veteran,,,,
Jalen Williams,23.550992470910334,OKC,0,forward,0.77344795671608,-0.32109894093978,1.09454689765586,69,4661,3,All-Star,#CD7F32,1.09454689765586,0.9945468976558601,0.6945468976558602,3,3,3,0,0,0,veteran,,,,
Keegan Murray,24.20260095824777,SAC,0,forward,1.88460841742772,0.7905513402642,1.09405707716352,76,5303,3,All-Star,#CD7F32,1.09405707716352,0.8940570771635201,0.49405707716352015,3,3,4,0,0,-1,veteran,,,,
Tyler Herro,24.78302532511978,MIA,0,combo,2.02228996058686,0.98085623786014,1.04143372272672,77,2834,3,All-Star,#CD7F32,1.04143372272672,0.8414337227267201,0.44143372272672016,3,3,4,0,0,-1,veteran,,,,
Alex Len,31.378507871321013,SAC,0,big,-1.08918852010122,-2.11949194215735,1.0303034220561298,31,910,3,All-Star,#CD7F32,0.6303034220561298,-0.36969657794387023,-1.8696965779438703,4,4,5,-1,-1,-2,veteran,,,,
Gabe Vincent,28.383299110198493,LAL,0,combo,-0.0517282058227,-1.05658099095238,1.00485278512968,72,458,3,All-Star,#CD7F32,0.8048527851296801,0.20485278512968008,-0.59514721487032,4,4,5,-1,-1,-2,veteran,,,,
John Konchar,28.61327857631759,MEM,0,wing,0.03794804735465,-0.92586254219095,0.9638105895456,36,2366,4,Quality Starter,#4169E1,0.7638105895456,0.16381058954560002,-0.6361894104544,4,4,5,0,0,-1,veteran,,,,
James Harden,35.18412046543463,LAC,0,point,2.78961402990319,1.88091334640734,0.90870068349585,79,4851,4,Quality Starter,#4169E1,0.008700683495849959,-10.0,-10.0,4,5,6,0,-1,-2,veteran,,,,
Andre Drummond,31.227926078028748,PHI,0,big,0.65501553022003,-0.2443680536668299,0.89938358388686,40,2651,4,Quality Starter,#4169E1,0.49938358388686,-0.50061641611314,-2.00061641611314,4,5,5,0,-1,-1,veteran,,,,
Julius Randle,29.924709103353862,MIN,0,big,1.51125735173796,0.6183612395922999,0.89289611214566,69,3315,4,Quality Starter,#4169E1,0.69289611214566,-0.10710388785434,-1.10710388785434,4,4,5,0,0,-1,veteran,,,,
Kyle Lowry,38.60643394934976,PHI,0,combo,-0.15957942084003,-1.03923831766932,0.87965889682929,35,3314,4,Quality Starter,#4169E1,-10.0,-10.0,-10.0,4,5,6,0,-1,-2,veteran,,,,
Terance Mann,28.03832991101985,LAC,0,wing,1.01670870638376,0.18361120972055,0.8330974966632101,37,3671,4,Quality Starter,#4169E1,0.6330974966632101,0.0330974966632101,-0.76690250333679,4,4,5,0,0,-1,veteran,,,,
D'Angelo Russell,28.689938398357288,LAL,0,point,1.63492825118822,0.8184814685464401,0.8164467826417798,29,5222,4,Quality Starter,#4169E1,0.6164467826417799,0.016446782641779845,-0.7835532173582203,4,4,5,0,0,-1,veteran,,,,
Aaron Holiday,28.087611225188223,HOU,0,combo,-0.45276454196394,-1.23804827770135,0.78528373573741,53,2597,4,Quality Starter,#4169E1,0.5852837357374099,-0.01471626426259015,-0.8147162642625903,4,4,5,0,0,-1,veteran,,,,
Brandon Clarke,28.11772758384668,MEM,0,big,-1.2530083647361598,-2.01617986643546,0.7631715016993001,64,274,4,Quality Starter,#4169E1,0.5631715016993002,-0.03682849830069984,-0.8368284983006999,4,4,5,0,0,-1,veteran,,,,
Luke Kornet,29.300479123887747,BOS,0,big,1.53286802021373,0.7796608833209,0.7532071368928301,73,1888,4,Quality Starter,#4169E1,0.5532071368928302,-0.24679286310716986,-1.2467928631071699,4,4,5,0,0,-1,veteran,,,,
Trey Lyles,28.99110198494182,SAC,0,big,1.48693965306113,0.76206907178353,0.7248705812776001,69,2366,4,Quality Starter,#4169E1,0.5248705812776,-0.07512941872240003,-0.8751294187224001,4,4,5,0,0,-1,veteran,,,,
Caleb Martin,29.09514031485284,DAL,0,forward,0.3958289960519999,-0.3128567576764,0.7086857537283999,31,3445,4,Quality Starter,#4169E1,0.5086857537284,-0.2913142462716001,-1.2913142462716,4,4,5,0,0,-1,veteran,,,,
Dorian Finney-Smith,31.49623545516769,BKN,0,big,-0.03282043040596,-0.70015097202515,0.6673305416191899,20,3700,4,Quality Starter,#4169E1,0.2673305416191899,-0.7326694583808101,-2.23266945838081,4,5,5,0,-1,-1,veteran,,,,
Nickeil Alexander-Walker,26.16563997262149,MIN,0,wing,-0.07935967016091,-0.73240098200632,0.6530413118454099,82,3888,4,Quality Starter,#4169E1,0.5530413118454099,0.15304131184540992,-0.4469586881545901,4,4,4,0,0,0,veteran,,,,
Royce O'Neale,31.408624229979463,PHX,0,wing,-0.48183084137993,-1.12677045597703,0.6449396145971,75,3873,4,Quality Starter,#4169E1,0.2449396145971,-0.7550603854029,-2.2550603854029,4,5,5,0,-1,-1,veteran,,,,
Miles Bridges,26.61738535249829,CHA,0,forward,0.48117608683831,-0.15167367643947,0.63284976327778,64,5125,4,Quality Starter,#4169E1,0.53284976327778,0.13284976327777998,-0.46715023672222006,4,4,4,0,0,0,veteran,,,,
Derrick Jones Jr.,27.709787816564,LAC,0,big,-0.99334554964878,-1.61968438524096,0.62633883559218,77,3644,4,Quality Starter,#4169E1,0.42633883559217994,0.02633883559217992,-0.7736611644078202,4,4,5,0,0,-1,veteran,,,,
Deni Avdija,23.82751540041068,POR,0,forward,0.2808297962353,-0.3394770549215,0.6203068511568,72,4807,4,Quality Starter,#4169E1,0.6203068511568,0.5203068511568,0.2203068511568,4,3,3,0,1,1,veteran,,,,
Brook Lopez,36.58590006844627,MIL,0,big,-1.23460958000665,-1.8256769582803,0.5910673782736497,80,5047,4,Quality Starter,#4169E1,-0.3089326217263503,-10.0,-10.0,4,5,6,0,-1,-2,veteran,,,,
Dejounte Murray,28.11772758384668,NOP,0,point,1.22927035161607,0.68857509091315,0.54069526070292,31,5793,4,Quality Starter,#4169E1,0.34069526070291994,-0.2593047392970801,-1.05930473929708,4,4,5,0,0,-1,veteran,,,,
Zach LaVine,29.648186173853524,SAC,0,combo,0.34738015953614,-0.18138108325989,0.52876124279603,32,1751,4,Quality Starter,#4169E1,0.32876124279603,-0.47123875720397007,-1.4712387572039702,4,5,5,0,-1,-1,veteran,,,,
Dwight Powell,33.28678986995209,DAL,0,big,1.04956513168542,0.54177859883477,0.50778653285065,45,1719,4,Quality Starter,#4169E1,-0.09221346714934997,-1.59221346714935,-10.0,4,5,6,0,-1,-2,veteran,,,,
Paul Reed,25.38535249828884,DET,0,big,1.43726646691735,0.93288527114682,0.50438119577053,38,3105,4,Quality Starter,#4169E1,0.40438119577053,0.10438119577053001,-0.29561880422947,4,4,4,0,0,0,veteran,,,,
Onyeka Okongwu,23.89048596851472,ATL,0,big,1.1532810237828,0.6511918020866301,0.5020892216961699,74,2964,4,Quality Starter,#4169E1,0.5020892216961699,0.4020892216961699,0.10208922169616991,4,3,3,0,1,1,veteran,,,,
Alec Burks,33.28678986995209,MIA,0,wing,0.93285989946685,0.43525790309249,0.4976019963743601,49,2459,4,Quality Starter,#4169E1,-0.10239800362563989,-1.6023980036256398,-10.0,4,5,6,0,-1,-2,veteran,,,,
Nicolas Batum,35.88227241615332,LAC,0,forward,0.37561804509936,-0.12157635430603,0.49719439940539,78,3041,4,Quality Starter,#4169E1,-0.40280560059461,-10.0,-10.0,5,5,6,-1,-1,-2,veteran,,,,
Anthony Gill,32.04106776180698,WAS,0,forward,1.82080284772218,1.33110780014176,0.48969504758042,31,983,4,Quality Starter,#4169E1,0.08969504758041996,-1.1103049524195798,-2.9103049524195796,4,5,6,0,-1,-2,veteran,,,,
Jarace Walker,21.16084873374401,IND,0,forward,0.60256247821317,0.1194319721906699,0.4831305060225,71,722,4,Quality Starter,#4169E1,0.4831305060225,0.4831305060225,0.3831305060225,4,3,3,0,1,1,veteran,,,,
Jakob Poeltl,29.0485968514716,TOR,0,big,1.10578378251974,0.65617622845077,0.4496075540689699,57,2702,4,Quality Starter,#4169E1,0.2496075540689699,-0.5503924459310301,-1.55039244593103,4,5,5,0,-1,-1,veteran,,,,
Amen Thompson,21.75496235455168,HOU,0,combo,-0.13627612498657,-0.56568742138296,0.42941129639639,69,2880,4,Quality Starter,#4169E1,0.42941129639639,0.42941129639639,0.32941129639639,4,3,3,0,1,1,veteran,,,,
LaMelo Ball,23.195071868583163,CHA,0,point,2.247638611914,1.8430605351632896,0.4045780767507103,47,1483,4,Quality Starter,#4169E1,0.4045780767507103,0.30457807675071025,0.0045780767507102305,4,3,4,0,1,0,veteran,,,,
Josh Minott,21.9356605065024,MIN,0,wing,0.7146760244170299,0.3101322968077299,0.4045437276092999,33,216,4,Quality Starter,#4169E1,0.4045437276092999,0.4045437276092999,0.30454372760929993,4,3,3,0,1,1,veteran,,,,
Moritz Wagner,27.51813826146475,ORL,0,big,0.58933019838766,0.21022271015418,0.3791074882334799,30,2833,4,Quality Starter,#4169E1,0.17910748823347988,-0.22089251176652014,-1.0208925117665202,4,5,5,0,-1,-1,veteran,,,,
Josh Okogie,26.168377823408623,CHA,0,wing,-1.08554583342563,-1.37974140388492,0.29419557045929,24,1958,4,Quality Starter,#4169E1,0.19419557045929,-0.20580442954071002,-0.8058044295407101,4,4,5,0,0,-1,veteran,,,,
Spencer Dinwiddie,31.5728952772074,DAL,0,combo,1.24831452201236,0.95971353992078,0.2886009820915799,78,4355,4,Quality Starter,#4169E1,-0.1113990179084201,-1.11139901790842,-2.61139901790842,5,5,6,-1,-1,-2,veteran,,,,
Tristan Vukcevic,21.6454483230664,WAS,0,big,-0.69494439671004,-0.94131317651575,0.2463687798057099,28,327,4,Quality Starter,#4169E1,0.2463687798057099,0.2463687798057099,0.1463687798057099,4,4,4,0,0,0,veteran,,,,
Taj Gibson,39.35660506502396,CHA,0,big,-0.43913503969663,-0.67967131563055,0.24053627593392,35,413,4,Quality Starter,#4169E1,-10.0,-10.0,-10.0,5,5,6,-1,-1,-2,veteran,,,,
Max Strus,28.5968514715948,CLE,0,wing,0.4754011332692999,0.24731986270651,0.2280812705627899,50,4564,4,Quality Starter,#4169E1,0.02808127056278989,-0.5719187294372101,-1.3719187294372102,4,5,5,0,-1,-1,veteran,,,,
Luguentz Dort,25.53867214236824,OKC,0,wing,-0.17860136011087,-0.38121395570753,0.2026125955966599,71,4670,4,Quality Starter,#4169E1,0.10261259559665989,-0.19738740440334013,-0.5973874044033401,4,4,5,0,0,-1,veteran,,,,
Cameron Payne,30.2340862422998,NYK,0,combo,-0.7637497353493801,-0.9313786185397,0.16762888319032,72,2614,4,Quality Starter,#4169E1,-0.23237111680968003,-1.03237111680968,-2.2323711168096803,4,5,5,0,-1,-1,veteran,,,,
Coby White,24.709103353867214,CHI,0,combo,2.16088842273003,2.00599858534358,0.1548898373864498,74,5670,4,Quality Starter,#4169E1,0.1548898373864498,-0.04511016261355022,-0.44511016261355024,4,4,4,0,0,0,veteran,,,,
Cason Wallace,20.985626283367555,OKC,0,combo,-0.77314108797542,-0.8784367035970501,0.10529561562163,68,3477,4,Quality Starter,#4169E1,0.10529561562163,0.10529561562163,0.10529561562163,4,4,4,0,0,0,veteran,,,,
Walker Kessler,23.26899383983573,UTA,0,big,-0.01683585555342,-0.05986808011933,0.04303222456591,58,3010,4,Quality Starter,#4169E1,0.04303222456591,-0.056967775434090005,-0.35696777543409003,4,4,4,0,0,0,veteran,,,,
Jevon Carter,29.13347022587269,CHI,0,combo,-1.15400027080276,-1.1939321920957802,0.03993192129302,21,2001,4,Quality Starter,#4169E1,-0.16006807870698,-0.9600680787069801,-1.9600680787069802,5,5,5,-1,-1,-1,veteran,,,,
Jamal Murray,27.68788501026694,DEN,0,combo,1.65445791348322,1.61941041990836,0.0350474935748599,67,3565,4,Quality Starter,#4169E1,-0.16495250642514012,-0.5649525064251402,-1.3649525064251402,5,5,5,-1,-1,-1,veteran,,,,
Bismack Biyombo,32.17796030116359,SAS,0,big,0.10265281559056,0.06965009692663,0.0330027186639299,27,1611,4,Quality Starter,#4169E1,-0.3669972813360701,-1.5669972813360702,-3.36699728133607,5,5,6,-1,-1,-2,veteran,,,,
Ochai Agbaji,24.53388090349076,TOR,0,wing,0.81061650285313,0.79210323668068,0.01851326617245,64,3346,4,Quality Starter,#4169E1,0.01851326617245,-0.18148673382755,-0.58148673382755,4,4,5,0,0,-1,veteran,,,,
Kris Dunn,30.62559890485969,LAC,0,combo,2.13308446014554,2.12661518116391,0.0064692789816303,74,2586,4,Quality Starter,#4169E1,-0.3935307210183697,-1.1935307210183699,-2.39353072101837,5,5,6,-1,-1,-2,veteran,,,,
Ben Simmons,28.28473648186174,BKN,0,point,0.32187862048598,0.39645522063291,-0.07457660014693,33,739,5,Rotation Player,#32CD32,-0.27457660014693,-0.8745766001469301,-1.67457660014693,5,5,5,0,0,0,veteran,,,,
Duop Reath,28.35044490075291,POR,0,big,1.62202837244939,1.72315847023508,-0.1011300977856899,27,2406,5,Rotation Player,#32CD32,-0.3011300977856899,-0.9011300977856899,-1.7011300977856898,5,5,5,0,0,0,veteran,,,,
Tobias Harris,32.2984257357974,DET,0,forward,0.44071638237606,0.5575951119120199,-0.1168787295359599,73,4735,5,Rotation Player,#32CD32,-0.5168787295359599,-1.71687872953596,-3.51687872953596,5,5,6,0,0,-1,veteran,,,,
Jordan Clarkson,32.40246406570842,UTA,0,combo,1.14887200344268,1.27479099541637,-0.1259189919736898,37,3422,5,Rotation Player,#32CD32,-0.5259189919736899,-1.72591899197369,-3.5259189919736897,5,5,6,0,0,-1,veteran,,,,
Kevin Love,36.15058179329227,MIA,0,big,-0.35049882453581,-0.22451768955709,-0.12598113497872,23,1860,5,Rotation Player,#32CD32,-1.02598113497872,-10.0,-10.0,5,6,6,0,-1,-1,veteran,,,,
Jaden McDaniels,24.09034907597536,MIN,0,wing,-0.03445525142538,0.09357993772626,-0.12803518915164,82,4182,5,Rotation Player,#32CD32,-0.12803518915164,-0.32803518915164,-0.7280351891516399,5,4,5,0,1,0,veteran,,,,
Jalen Duren,20.955509924709105,DET,0,big,0.05480947999845,0.19323712075736,-0.1384276407589099,78,3643,5,Rotation Player,#32CD32,-0.1384276407589099,-0.1384276407589099,-0.1384276407589099,4,4,4,1,1,1,veteran,,,,
Andrew Wiggins,29.689253935660503,MIA,0,wing,-0.9282361096611,-0.75118392147911,-0.1770521881819901,43,3884,5,Rotation Player,#32CD32,-0.3770521881819901,-1.1770521881819902,-2.17705218818199,5,5,5,0,0,0,veteran,,,,
Mark Williams,22.87748117727584,CHA,0,big,-0.30721225825672,-0.1111195164900999,-0.19609274176662,44,1034,5,Rotation Player,#32CD32,-0.19609274176662,-0.19609274176662,-0.39609274176662,4,4,4,1,1,1,veteran,,,,
Bobby Portis,29.724845995893222,MIL,0,big,1.14616310112128,1.35528485496539,-0.2091217538441099,49,4108,5,Rotation Player,#32CD32,-0.40912175384410987,-1.20912175384411,-2.20912175384411,5,5,5,0,0,0,veteran,,,,
Tyus Jones,28.47912388774812,PHX,0,point,1.38140705607715,1.63033526392799,-0.2489282078508399,81,4150,5,Rotation Player,#32CD32,-0.4489282078508399,-1.04892820785084,-1.84892820785084,5,5,5,0,0,0,veteran,,,,
Malcolm Brogdon,31.89048596851472,WAS,0,combo,0.17944635033524,0.43389742791858,-0.2544510775833399,24,2280,5,Rotation Player,#32CD32,-0.6544510775833399,-1.65445107758334,-3.15445107758334,5,5,6,0,0,-1,veteran,,,,
Kentavious Caldwell-Pope,31.7015742642026,ORL,0,wing,-0.01989541420674,0.26579274766821,-0.28568816187495,77,4708,5,Rotation Player,#32CD32,-0.68568816187495,-1.6856881618749502,-3.18568816187495,5,5,6,0,0,-1,veteran,,,,
Dalen Terry,22.308008213552363,CHI,0,wing,0.24816831193722,0.53848030629829,-0.29031199436107,71,1359,5,Rotation Player,#32CD32,-0.29031199436107,-0.29031199436107,-0.49031199436107,4,4,4,1,1,1,veteran,,,,
Dennis Schroder,31.129363449692,BKN,0,combo,-0.66191337885988,-0.35311960279946,-0.30879377606042,23,4927,5,Rotation Player,#32CD32,-0.70879377606042,-1.70879377606042,-3.20879377606042,5,5,6,0,0,-1,veteran,,,,
Daniel Theis,32.577686516084874,NOP,0,big,-1.32298587246804,-0.9787486285065,-0.34423724396154,38,2020,5,Rotation Player,#32CD32,-0.74423724396154,-1.94423724396154,-3.74423724396154,5,5,6,0,0,-1,veteran,,,,
Nikola Jovic,21.399041752224505,MIA,0,big,-0.13089208000436,0.28522441970756,-0.41611649971192,46,1790,5,Rotation Player,#32CD32,-0.41611649971192,-0.41611649971192,-0.51611649971192,5,4,4,0,1,1,veteran,,,,
Ausar Thompson,21.75496235455168,DET,0,wing,-1.0819844556047,-0.64982820948858,-0.43215624611612,59,3231,5,Rotation Player,#32CD32,-0.43215624611612,-0.43215624611612,-0.53215624611612,5,4,4,0,1,1,veteran,,,,
Miles McBride,24.147843942505133,NYK,0,combo,-0.72287746168412,-0.28638241705465,-0.43649504462947,64,2564,5,Rotation Player,#32CD32,-0.43649504462947,-0.6364950446294699,-1.0364950446294698,5,5,5,0,0,0,veteran,,,,
AJ Green,25.097878165639973,MIL,0,wing,0.30291231214399,0.76302068486096,-0.4601083727169699,73,1231,5,Rotation Player,#32CD32,-0.5601083727169699,-0.8601083727169698,-1.2601083727169697,5,5,5,0,0,0,veteran,,,,
Alperen Sengun,22.272416153319643,HOU,0,big,0.99872443631739,1.49636226013431,-0.4976378238169201,76,4166,5,Rotation Player,#32CD32,-0.4976378238169201,-0.4976378238169201,-0.6976378238169201,5,4,4,0,1,1,veteran,,,,
Jonas Valanciunas,32.49007529089665,WAS,0,big,1.0388105181766198,1.54703455446671,-0.50822403629009,49,3876,5,Rotation Player,#32CD32,-0.9082240362900901,-2.10822403629009,-3.9082240362900897,5,6,6,0,-1,-1,veteran,,,,
Jaylen Brown,28.021902806297057,BOS,0,wing,-0.63705742720183,-0.1239238714779,-0.51313355572393,63,4733,5,Rotation Player,#32CD32,-0.71313355572393,-1.31313355572393,-2.11313355572393,5,5,6,0,0,-1,veteran,,,,
Jordan Walsh,20.6652977412731,BOS,0,wing,-1.13603208255622,-0.6123447090008,-0.52368737355542,37,165,5,Rotation Player,#32CD32,-0.52368737355542,-0.52368737355542,-0.52368737355542,5,4,4,0,1,1,veteran,,,,
Grayson Allen,29.06776180698152,PHX,0,wing,-0.24323226590608,0.28546552871843,-0.52869779462451,64,5064,5,Rotation Player,#32CD32,-0.7286977946245101,-1.52869779462451,-2.52869779462451,5,5,6,0,0,-1,veteran,,,,
Mason Plumlee,34.6611909650924,PHX,0,big,-0.26108790160335,0.28644230711698,-0.54753020872033,72,1384,5,Rotation Player,#32CD32,-1.14753020872033,-2.94753020872033,-10.0,5,6,6,0,-1,-1,veteran,,,,
Rui Hachimura,26.729637234770703,LAL,0,wing,0.03917373695912,0.58793328996847,-0.5487595530093501,59,3798,5,Rotation Player,#32CD32,-0.6487595530093501,-1.04875955300935,-1.64875955300935,5,5,5,0,0,0,veteran,,,,
Bradley Beal,31.345653661875428,PHX,0,wing,0.0452900812100299,0.59437598691008,-0.54908590570005,53,3512,5,Rotation Player,#32CD32,-0.94908590570005,-1.9490859057000502,-3.4490859057000502,5,5,6,0,0,-1,veteran,,,,
Jae'Sean Tate,29.01300479123888,HOU,0,forward,-2.5912748553433103,-2.0234990623785,-0.5677757929648104,40,2106,5,Rotation Player,#32CD32,-0.7677757929648104,-1.5677757929648104,-2.5677757929648104,5,5,6,0,0,-1,veteran,,,,
Cole Anthony,24.465434633812457,ORL,0,point,0.3335314321368,0.90912580251452,-0.57559437037772,66,3600,5,Rotation Player,#32CD32,-0.57559437037772,-0.7755943703777199,-1.1755943703777199,5,5,5,0,0,0,veteran,,,,
Jalen Smith,24.629705681040384,CHI,0,big,0.83283228800849,1.40922161454373,-0.57638932653524,64,2179,5,Rotation Player,#32CD32,-0.57638932653524,-0.77638932653524,-1.1763893265352399,5,5,5,0,0,0,veteran,,,,
Cody Martin,29.09514031485284,PHX,0,wing,0.21272797058506,0.7897841251978399,-0.5770561546127799,39,1509,5,Rotation Player,#32CD32,-0.7770561546127799,-1.5770561546127797,-2.5770561546127797,5,5,6,0,0,-1,veteran,,,,
Jalen Wilson,23.991786447638603,BKN,0,wing,0.32560239265609,0.93797357889489,-0.6123711862387999,79,1209,5,Rotation Player,#32CD32,-0.6123711862387999,-0.7123711862387999,-1.0123711862387998,5,4,5,0,1,0,veteran,,,,
Deandre Ayton,26.27789185489391,POR,0,big,-0.46430042031434,0.16070618720989,-0.62500660752423,40,3496,5,Rotation Player,#32CD32,-0.72500660752423,-1.12500660752423,-1.72500660752423,5,5,5,0,0,0,veteran,,,,
Maxi Kleber,32.75838466803559,DAL,0,big,-1.7383520447673302,-1.10254154829679,-0.6358104964705402,34,1763,5,Rotation Player,#32CD32,-1.0358104964705404,-2.2358104964705405,-4.035810496470541,5,6,6,0,-1,-1,veteran,,,,
Cory Joseph,33.20191649555099,ORL,0,point,-0.41818805175573,0.23744327496557,-0.6556313267213,40,607,5,Rotation Player,#32CD32,-1.2556313267213,-2.7556313267213,-10.0,5,6,6,0,-1,-1,veteran,,,,
Isaac Okoro,23.76454483230664,CLE,0,wing,-0.02156870398288,0.6714765367615899,-0.6930452407444699,55,3748,5,Rotation Player,#32CD32,-0.6930452407444699,-0.7930452407444699,-1.09304524074447,5,4,5,0,1,0,veteran,,,,
Malik Monk,26.740588637919235,SAC,0,wing,0.68619570629551,1.42865483996414,-0.7424591336686299,65,3897,5,Rotation Player,#32CD32,-0.8424591336686299,-1.24245913366863,-1.8424591336686298,5,5,5,0,0,0,veteran,,,,
Aaron Wiggins,25.831622176591377,OKC,0,wing,0.2715076056478099,1.02678315910913,-0.7552755534613201,76,2494,5,Rotation Player,#32CD32,-0.8552755534613201,-1.1552755534613202,-1.55527555346132,5,5,5,0,0,0,veteran,,,,
Eric Gordon,35.85215605749487,PHI,0,wing,0.38044321834625,1.14677572270282,-0.7663325043565701,39,3798,5,Rotation Player,#32CD32,-1.66633250435657,-10.0,-10.0,5,6,6,0,-1,-1,veteran,,,,
Neemias Queta,25.305954825462013,BOS,0,big,0.0654035700048,0.84635555503267,-0.78095198502787,53,668,5,Rotation Player,#32CD32,-0.88095198502787,-1.18095198502787,-1.58095198502787,5,5,5,0,0,0,veteran,,,,
Josh Green,23.95893223819301,CHA,0,wing,0.47999409120826,1.26154981783815,-0.7815557266298898,68,3034,5,Rotation Player,#32CD32,-0.7815557266298898,-0.8815557266298898,-1.1815557266298897,5,5,5,0,0,0,veteran,,,,
Dyson Daniels,21.6290212183436,ATL,0,combo,-0.60206177051543,0.22261321440159,-0.82467498491702,76,2750,5,Rotation Player,#32CD32,-0.82467498491702,-0.82467498491702,-0.9246749849170199,5,5,5,0,0,0,veteran,,,,
Toumani Camara,24.484599589322382,POR,0,wing,-2.1825316148639,-1.35532744078742,-0.8272041740764802,78,3454,5,Rotation Player,#32CD32,-0.8272041740764802,-1.0272041740764801,-1.42720417407648,5,5,5,0,0,0,veteran,,,,
Cam Whitmore,20.317590691307323,HOU,0,wing,-0.42604388833975,0.4257475555158599,-0.85179144385561,45,1853,5,Rotation Player,#32CD32,-0.85179144385561,-0.85179144385561,-0.85179144385561,5,5,5,0,0,0,veteran,,,,
Aaron Nesmith,25.045859000684462,IND,0,wing,0.6924112946996,1.55898864307884,-0.8665773483792399,45,4175,5,Rotation Player,#32CD32,-0.9665773483792399,-1.26657734837924,-1.6665773483792399,5,5,5,0,0,0,veteran,,,,
Cade Cunningham,23.10198494182067,DET,0,combo,-0.66763167939653,0.20149233752886,-0.86912401692539,70,4208,5,Rotation Player,#32CD32,-0.86912401692539,-0.96912401692539,-1.26912401692539,5,5,5,0,0,0,veteran,,,,
Evan Mobley,23.37303216974675,CLE,0,big,-2.79603142770386,-1.92261094959018,-0.8734204781136801,71,3130,5,Rotation Player,#32CD32,-0.8734204781136801,-0.97342047811368,-1.27342047811368,5,5,5,0,0,0,veteran,,,,
Orlando Robinson,24.31211498973306,TOR,0,big,-0.1978303030387,0.68600066890859,-0.88383097194729,34,607,5,Rotation Player,#32CD32,-0.88383097194729,-1.08383097194729,-1.48383097194729,5,5,5,0,0,0,veteran,,,,
Kyle Anderson,31.11567419575633,MIA,0,big,-1.50657353105191,-0.6118632199778701,-0.8947103110740399,25,3582,5,Rotation Player,#32CD32,-1.2947103110740399,-2.29471031107404,-3.79471031107404,5,6,6,0,-1,-1,veteran,,,,
Gui Santos,22.362765229295004,GSW,0,wing,-0.03875891000105,0.8620161981923,-0.90077510819335,47,388,5,Rotation Player,#32CD32,-0.90077510819335,-0.90077510819335,-1.1007751081933501,5,5,5,0,0,0,veteran,,,,
Vince Williams Jr.,24.17248459958932,MEM,0,wing,-1.21787254460063,-0.3143020771236799,-0.90357046747695,27,2910,5,Rotation Player,#32CD32,-0.90357046747695,-1.1035704674769502,-1.5035704674769501,5,5,5,0,0,0,veteran,,,,
Trae Young,26.119096509240247,ATL,0,point,1.77913462794645,2.68488199711679,-0.90574736917034,76,4135,5,Rotation Player,#32CD32,-1.00574736917034,-1.40574736917034,-2.00574736917034,5,5,5,0,0,0,veteran,,,,
Landry Shamet,27.638603696098563,NYK,0,wing,-1.59569885074978,-0.67060895909175,-0.92508989165803,49,1523,5,Rotation Player,#32CD32,-1.12508989165803,-1.52508989165803,-2.32508989165803,5,5,6,0,0,-1,veteran,,,,
Gary Harris,30.132785763175907,ORL,0,wing,0.4139841154899399,1.35326529470901,-0.93928117921907,48,2601,5,Rotation Player,#32CD32,-1.33928117921907,-2.13928117921907,-3.33928117921907,5,6,6,0,-1,-1,veteran,,,,
Russell Westbrook,35.969883641341546,DEN,0,point,-0.0072355462104371,1.02078087837799,-1.0280164245884271,75,3164,5,Rotation Player,#32CD32,-1.928016424588427,-10.0,-10.0,6,6,6,-1,-1,-1,veteran,,,,
Jett Howard,21.13347022587269,ORL,0,wing,-0.68875098149257,0.3444752994009,-1.03322628089347,55,145,5,Rotation Player,#32CD32,-1.03322628089347,-1.03322628089347,-1.13322628089347,5,5,5,0,0,0,veteran,,,,
Scottie Barnes,23.252566735112936,TOR,0,forward,-0.8253637353823401,0.2227911772242,-1.04815491260654,65,4306,5,Rotation Player,#32CD32,-1.04815491260654,-1.14815491260654,-1.44815491260654,5,5,5,0,0,0,veteran,,,,
Duncan Robinson,30.529774127310063,MIA,0,wing,-0.04632900405133,1.04006540017714,-1.08639440422847,74,3823,5,Rotation Player,#32CD32,-1.48639440422847,-2.28639440422847,-3.48639440422847,5,6,6,0,-1,-1,veteran,,,,
Ousmane Dieng,21.45106091718001,OKC,0,big,-0.1820597950792,0.91510984522911,-1.09716964030831,31,746,5,Rotation Player,#32CD32,-1.09716964030831,-1.09716964030831,-1.19716964030831,5,5,5,0,0,0,veteran,,,,
Shake Milton,28.098562628336754,BKN,0,combo,-0.71818295517797,0.38152546019031,-1.09970841536828,25,1224,5,Rotation Player,#32CD32,-1.2997084153682799,-1.8997084153682797,-2.6997084153682795,5,6,6,0,-1,-1,veteran,,,,
Anthony Black,20.78302532511978,ORL,0,combo,-1.88176517934543,-0.76581192231164,-1.11595325703379,78,2367,5,Rotation Player,#32CD32,-1.11595325703379,-1.11595325703379,-1.11595325703379,5,5,5,0,0,0,veteran,,,,
Hunter Tyson,24.386036960985628,DEN,0,wing,-1.10433229302842,0.04452483421341,-1.14885712724183,39,107,5,Rotation Player,#32CD32,-1.14885712724183,-1.3488571272418302,-1.74885712724183,5,5,5,0,0,0,veteran,,,,
Anfernee Simons,25.40177960301164,POR,0,combo,1.24951894833586,2.42993539585831,-1.18041644752245,70,3093,5,Rotation Player,#32CD32,-1.28041644752245,-1.58041644752245,-1.98041644752245,5,5,6,0,0,-1,veteran,,,,
Bol Bol,24.960985626283367,PHX,0,big,-0.7280567694978199,0.47727063275941,-1.20532740225723,27,936,5,Rotation Player,#32CD32,-1.20532740225723,-1.4053274022572302,-1.80532740225723,5,5,5,0,0,0,veteran,,,,
Jarred Vanderbilt,25.582477754962355,LAL,0,big,-0.24291113416201,0.98032927730657,-1.22324041146858,36,1211,5,Rotation Player,#32CD32,-1.32324041146858,-1.6232404114685801,-2.02324041146858,5,5,6,0,0,-1,veteran,,,,
Caris LeVert,30.187542778918548,CLE,0,wing,-0.32530656572829,0.908489722423,-1.23379628815129,38,3979,5,Rotation Player,#32CD32,-1.6337962881512902,-2.43379628815129,-3.63379628815129,5,6,6,0,-1,-1,veteran,,,,
Jay Huff,27.18685831622177,MEM,0,big,-0.38912734008368,0.84894124949575,-1.23806858957943,59,107,5,Rotation Player,#32CD32,-1.4380685895794298,-1.8380685895794298,-2.63806858957943,5,6,6,0,-1,-1,veteran,,,,
Quentin Grimes,24.484599589322382,PHI,0,combo,-1.39742329312712,-0.15591330522269,-1.24150998790443,28,2023,5,Rotation Player,#32CD32,-1.24150998790443,-1.4415099879044302,-1.84150998790443,5,5,5,0,0,0,veteran,,,,
Julian Phillips,20.99110198494182,CHI,0,big,-0.30577685505086,0.93806037324934,-1.2438372283002,78,649,5,Rotation Player,#32CD32,-1.2438372283002,-1.2438372283002,-1.2438372283002,5,5,5,0,0,0,veteran,,,,
Tim Hardaway Jr.,32.629705681040384,DET,0,wing,-0.15229075736463,1.09219844131514,-1.24448919867977,77,4373,5,Rotation Player,#32CD32,-1.64448919867977,-2.8444891986797702,-4.6444891986797705,6,6,6,-1,-1,-1,veteran,,,,
Jamal Cain,25.620807665982205,NOP,0,wing,-1.17206596534861,0.07356707039152,-1.2456330357401302,32,529,5,Rotation Player,#32CD32,-1.3456330357401303,-1.6456330357401303,-2.0456330357401304,5,5,6,0,0,-1,veteran,,,,
Zach Collins,26.951403148528406,CHI,0,big,-1.24276765747229,0.01849979471733,-1.26126745218962,28,3140,5,Rotation Player,#32CD32,-1.3612674521896202,-1.76126745218962,-2.36126745218962,5,6,6,0,-1,-1,veteran,,,,
Andrew Nembhard,24.79397672826831,IND,0,combo,-0.56148460382997,0.73872183744679,-1.30020644127676,65,3522,5,Rotation Player,#32CD32,-1.30020644127676,-1.5002064412767602,-1.90020644127676,5,5,5,0,0,0,veteran,,,,
Jaylin Williams,22.34360027378508,OKC,0,big,-0.40174800083575,0.93073766234764,-1.33248566318339,47,1832,5,Rotation Player,#32CD32,-1.33248566318339,-1.33248566318339,-1.53248566318339,5,5,5,0,0,0,veteran,,,,
Collin Gillespie,25.35523613963039,PHX,0,combo,-0.48083043609576,0.85381204846618,-1.33464248456194,28,458,5,Rotation Player,#32CD32,-1.43464248456194,-1.7346424845619401,-2.1346424845619403,5,5,6,0,0,-1,veteran,,,,
Jalen Pickett,25.02943189596167,DEN,0,combo,-1.22183125300092,0.11308425994631,-1.33491551294723,43,247,5,Rotation Player,#32CD32,-1.4349155129472302,-1.7349155129472302,-2.1349155129472304,5,5,6,0,0,-1,veteran,,,,
Collin Sexton,25.82614647501711,UTA,0,wing,1.89139113216553,3.23724720328407,-1.34585607111854,63,4231,5,Rotation Player,#32CD32,-1.4458560711185402,-1.7458560711185402,-2.14585607111854,5,5,6,0,0,-1,veteran,,,,
Sam Merrill,28.465434633812457,CLE,0,wing,-0.75471884416121,0.59412314539524,-1.34884198955645,70,2126,5,Rotation Player,#32CD32,-1.54884198955645,-2.14884198955645,-2.94884198955645,5,6,6,0,-1,-1,veteran,,,,
Moses Moody,22.42299794661191,GSW,0,wing,-0.7931520692983499,0.57409186856712,-1.36724393786547,74,2320,5,Rotation Player,#32CD32,-1.36724393786547,-1.36724393786547,-1.5672439378654701,5,5,5,0,0,0,veteran,,,,
Isaiah Stewart,23.44695414099932,DET,0,big,-1.95485397098477,-0.57018355702798,-1.38467041395679,72,2851,5,Rotation Player,#32CD32,-1.38467041395679,-1.4846704139567901,-1.7846704139567902,5,5,5,0,0,0,veteran,,,,
CJ McCollum,33.11978097193703,NOP,0,combo,1.00388066675691,2.39652732708019,-1.39264666032328,56,4376,5,Rotation Player,#32CD32,-1.9926466603232802,-3.49264666032328,-10.0,6,6,6,-1,-1,-1,veteran,,,,
Jalen Suggs,23.41409993155373,ORL,0,point,-2.26311558655399,-0.82578767391321,-1.43732791264078,35,4129,5,Rotation Player,#32CD32,-1.43732791264078,-1.5373279126407802,-1.8373279126407802,5,5,5,0,0,0,veteran,,,,
Jordan Poole,25.371663244353183,WAS,0,point,-1.01001868783648,0.43827384983754,-1.44829253767402,68,5026,5,Rotation Player,#32CD32,-1.5482925376740202,-1.8482925376740202,-2.2482925376740206,5,5,6,0,0,-1,veteran,,,,
Kelly Olynyk,33.53867214236824,TOR,0,big,0.70016544801932,2.21512531335451,-1.51495986533519,24,3600,6,Bench/Developing,#808080,-2.11495986533519,-3.61495986533519,-10.0,6,6,6,0,0,0,veteran,,,,
Kris Murray,24.20260095824777,POR,0,wing,-1.47781321243512,0.0536244776359,-1.53143769007102,65,2687,6,Bench/Developing,#808080,-1.53143769007102,-1.7314376900710202,-2.1314376900710204,5,5,6,1,1,0,veteran,,,,
DaQuan Jeffries,27.173169062286107,CHA,0,wing,-1.32867253881578,0.2040583308493,-1.53273086966508,46,95,6,Bench/Developing,#808080,-1.73273086966508,-2.13273086966508,-2.93273086966508,6,6,6,0,0,0,veteran,,,,
Daniel Gafford,26.086242299794662,DAL,0,big,-0.26703443437385,1.27421211869255,-1.5412465530664,57,3778,6,Bench/Developing,#808080,-1.6412465530664,-2.0412465530664,-2.6412465530664,5,6,6,1,0,0,veteran,,,,
Christian Braun,23.54277891854894,DEN,0,wing,-2.52645382271318,-0.97600849825275,-1.55044532446043,79,3228,6,Bench/Developing,#808080,-1.55044532446043,-1.65044532446043,-1.95044532446043,5,5,5,1,1,1,veteran,,,,
Naz Reid,25.1854893908282,MIN,0,big,-1.93849653816592,-0.36528426371437,-1.57321227445155,80,3975,6,Bench/Developing,#808080,-1.67321227445155,-1.9732122744515501,-2.3732122744515505,6,6,6,0,0,0,veteran,,,,
Pat Spencer,28.32854209445585,GSW,0,combo,-0.8702635752329,0.7214600256626,-1.5917236008955,20,52,6,Bench/Developing,#808080,-1.7917236008955,-2.3917236008955,-3.1917236008954997,6,6,6,0,0,0,veteran,,,,
Jordan Goodwin,26.026009582477755,LAL,0,combo,-1.5861566512747,0.0099583320274444,-1.5961149833021444,29,2112,6,Bench/Developing,#808080,-1.6961149833021445,-2.0961149833021446,-2.6961149833021447,6,6,6,0,0,0,veteran,,,,
Ty Jerome,27.32101300479124,CLE,0,combo,-1.76509462119581,-0.16231118835212,-1.60278343284369,70,30,6,Bench/Developing,#808080,-1.80278343284369,-2.2027834328436904,-3.00278343284369,6,6,6,0,0,0,veteran,,,,
Precious Achiuwa,25.11978097193703,NYK,0,big,-1.37012499493704,0.23422385420746,-1.6043488491445,57,3172,6,Bench/Developing,#808080,-1.7043488491445,-2.0043488491445003,-2.4043488491445006,6,6,6,0,0,0,veteran,,,,
Bruce Brown,28.213552361396303,NOP,0,combo,0.42382511356637,2.04839944226009,-1.6245743286937202,23,3911,6,Bench/Developing,#808080,-1.8245743286937202,-2.42457432869372,-3.22457432869372,6,6,6,0,0,0,veteran,,,,
Jericho Sims,26.034223134839152,NYK,0,big,-1.13688328760454,0.49420906156353,-1.63109234916807,35,1116,6,Bench/Developing,#808080,-1.73109234916807,-2.13109234916807,-2.7310923491680703,6,6,6,0,0,0,veteran,,,,
Trey Murphy III,24.372347707049965,NOP,0,wing,-0.9004267986615401,0.74267292674786,-1.6430997254094,53,3431,6,Bench/Developing,#808080,-1.6430997254094,-1.8430997254094001,-2.2430997254094005,6,5,6,0,1,0,veteran,,,,
Peyton Watson,22.140999315537304,DEN,0,wing,-1.4789949263765,0.18013553617694,-1.6591304625534398,68,2858,6,Bench/Developing,#808080,-1.6591304625534398,-1.6591304625534398,-1.85913046255344,5,5,5,1,1,1,veteran,,,,
Charles Bassey,24.01095140314853,SAS,0,big,-1.11850250549755,0.54398928899439,-1.66249179449194,28,440,6,Bench/Developing,#808080,-1.66249179449194,-1.8624917944919401,-2.2624917944919405,6,6,6,0,0,0,veteran,,,,
Quenton Jackson,26.13004791238877,IND,0,wing,-1.16271086119893,0.51068751930344,-1.6733983805023702,24,24,6,Bench/Developing,#808080,-1.7733983805023703,-2.17339838050237,-2.7733983805023703,6,6,6,0,0,0,veteran,,,,
A.J. Lawson,24.2984257357974,TOR,0,wing,-1.90952633364242,-0.2144747706162499,-1.69505156302617,23,678,6,Bench/Developing,#808080,-1.69505156302617,-1.8950515630261702,-2.2950515630261705,6,6,6,0,0,0,veteran,,,,
Ryan Rollins,22.33264887063655,MIL,0,point,-1.24056401765322,0.48299049191781,-1.72355450957103,50,172,6,Bench/Developing,#808080,-1.72355450957103,-1.72355450957103,-1.9235545095710302,5,5,5,1,1,1,veteran,,,,
Jordan Miller,24.774811772758383,LAC,0,wing,-0.7415075140076199,0.9845674468024,-1.72607496081002,32,61,6,Bench/Developing,#808080,-1.72607496081002,-1.9260749608100203,-2.3260749608100206,6,6,6,0,0,0,veteran,,,,
Seth Curry,34.19301848049281,CHA,0,wing,-0.95292629911405,0.7889566280668701,-1.74188292718092,68,1266,6,Bench/Developing,#808080,-2.34188292718092,-4.14188292718092,-10.0,6,6,6,0,0,0,veteran,,,,
Buddy Hield,31.874058863791923,GSW,0,wing,0.29939772917819,2.04418623200855,-1.74478850283036,82,4436,6,Bench/Developing,#808080,-2.14478850283036,-3.14478850283036,-4.644788502830361,6,6,6,0,0,0,veteran,,,,
Caleb Houstan,21.81245722108145,ORL,0,wing,-0.25574354367055,1.50057000294482,-1.75631354661537,50,1607,6,Bench/Developing,#808080,-1.75631354661537,-1.75631354661537,-1.8563135466153702,5,5,5,1,1,1,veteran,,,,
Xavier Tillman,25.80424366872005,BOS,0,big,-2.15845383934893,-0.38390102486529,-1.77455281448364,23,1954,6,Bench/Developing,#808080,-1.87455281448364,-2.1745528144836404,-2.5745528144836407,6,6,6,0,0,0,veteran,,,,
Jaxson Hayes,24.4435318275154,LAL,0,big,-1.23663693926567,0.54725749279448,-1.78389443206015,56,1823,6,Bench/Developing,#808080,-1.78389443206015,-1.9838944320601501,-2.3838944320601505,6,6,6,0,0,0,veteran,,,,
Paolo Banchero,21.97125256673512,ORL,0,big,0.3142032954332,2.11675805378887,-1.80255475835567,46,5653,6,Bench/Developing,#808080,-1.80255475835567,-1.80255475835567,-1.9025547583556701,5,5,5,1,1,1,veteran,,,,
Julian Champagnie,23.342915811088297,SAS,0,wing,-0.28823057743585,1.55634504264331,-1.84457562007916,82,3002,6,Bench/Developing,#808080,-1.84457562007916,-1.9445756200791602,-2.2445756200791602,5,5,5,1,1,1,veteran,,,,
Reggie Jackson,34.54620123203286,PHI,0,combo,-2.72224362180844,-0.85724550208124,-1.8649981197272,31,3613,6,Bench/Developing,#808080,-2.4649981197272,-4.2649981197272,-10.0,6,6,6,0,0,0,veteran,,,,
Amir Coffey,27.37577002053388,LAC,0,wing,0.2955246090336,2.1717482134015,-1.8762236043679,72,2968,6,Bench/Developing,#808080,-2.0762236043679,-2.4762236043679002,-3.2762236043679,6,6,6,0,0,0,veteran,,,,
Trayce Jackson-Davis,24.692676249144423,GSW,0,big,-0.29699728647157,1.5840521042868798,-1.8810493907584496,53,2261,6,Bench/Developing,#808080,-1.8810493907584496,-2.0810493907584497,-2.48104939075845,6,6,6,0,0,0,veteran,,,,
Talen Horton-Tucker,23.93429158110883,CHI,0,wing,-1.41305543095107,0.49554477247038,-1.9086002034214504,51,2044,6,Bench/Developing,#808080,-1.9086002034214504,-2.0086002034214503,-2.3086002034214506,6,5,5,0,1,1,veteran,,,,
Zeke Nnaji,23.811088295687885,DEN,0,big,-2.14201756726029,-0.21953802935431,-1.92247953790598,44,1102,6,Bench/Developing,#808080,-1.92247953790598,-2.02247953790598,-2.32247953790598,6,5,5,0,1,1,veteran,,,,
Jared Butler,24.186173853524984,PHI,0,wing,-0.76213959704923,1.17337806998151,-1.93551766703074,28,1185,6,Bench/Developing,#808080,-1.93551766703074,-2.13551766703074,-2.5355176670307404,6,6,6,0,0,0,veteran,,,,
Simone Fontecchio,28.89801505817933,DET,0,wing,-1.32045291183318,0.63443208251161,-1.95488499434479,75,3376,6,Bench/Developing,#808080,-2.15488499434479,-2.75488499434479,-3.55488499434479,6,6,6,0,0,0,veteran,,,,
Davion Mitchell,26.15742642026009,TOR,0,point,-2.4839253149874,-0.52857294957622,-1.95535236541118,44,2221,6,Bench/Developing,#808080,-2.05535236541118,-2.4553523654111804,-3.0553523654111805,6,6,6,0,0,0,veteran,,,,
Devin Vassell,24.191649555099247,SAS,0,wing,-1.72329868116326,0.27387289625647,-1.99717157741973,64,4711,6,Bench/Developing,#808080,-1.99717157741973,-2.1971715774197302,-2.5971715774197306,6,6,6,0,0,0,veteran,,,,
Patrick Williams,23.184120465434635,CHI,0,forward,-0.41256682622826,1.59274756541864,-2.0053143916469,63,2343,6,Bench/Developing,#808080,-2.0053143916469,-2.1053143916469,-2.4053143916469004,6,5,5,0,1,1,veteran,,,,
Johnny Juzang,23.627652292950035,UTA,0,wing,-0.90097435579017,1.13327324134162,-2.03424759713179,64,722,6,Bench/Developing,#808080,-2.03424759713179,-2.13424759713179,-2.4342475971317903,6,5,5,0,1,1,veteran,,,,
Kobe Brown,24.83504449007529,LAC,0,big,-0.4500974581773,1.64450060838521,-2.09459806656251,27,805,6,Bench/Developing,#808080,-2.09459806656251,-2.2945980665625103,-2.6945980665625107,6,6,6,0,0,0,veteran,,,,
Nikola Vucevic,34.02327173169062,CHI,0,big,-0.60506471535061,1.49107239147247,-2.09613710682308,73,5143,6,Bench/Developing,#808080,-2.69613710682308,-4.49613710682308,-10.0,6,6,6,0,0,0,veteran,,,,
Kessler Edwards,24.229979466119097,DAL,0,big,-0.23463763585224,1.8825599196049096,-2.11719755545715,34,555,6,Bench/Developing,#808080,-2.11719755545715,-2.3171975554571502,-2.7171975554571506,6,6,6,0,0,0,veteran,,,,
Donte DiVincenzo,27.750855578370977,MIN,0,combo,-0.29332427532813,1.8438154777261704,-2.1371397530543,62,4680,6,Bench/Developing,#808080,-2.3371397530543003,-2.7371397530543007,-3.5371397530543005,6,6,6,0,0,0,veteran,,,,
Justin Champagnie,23.342915811088297,WAS,0,big,-0.07285108995283,2.09660855946034,-2.16945964941317,60,501,6,Bench/Developing,#808080,-2.16945964941317,-2.2694596494131702,-2.5694596494131705,6,5,6,0,1,0,veteran,,,,
Terry Rozier,30.628336755646817,MIA,0,point,-0.18643115727668,2.01028907162738,-2.19672022890406,64,4107,6,Bench/Developing,#808080,-2.59672022890406,-3.39672022890406,-4.59672022890406,6,6,6,0,0,0,veteran,,,,
Malik Beasley,27.9315537303217,DET,0,wing,-1.15840446366422,1.06612251306927,-2.22452697673349,82,4888,6,Bench/Developing,#808080,-2.4245269767334903,-2.8245269767334906,-3.6245269767334904,6,6,6,0,0,0,veteran,,,,
Georges Niang,31.37577002053388,ATL,0,forward,-0.49028224085937,1.75777212838615,-2.24805436924552,28,3685,6,Bench/Developing,#808080,-2.64805436924552,-3.64805436924552,-5.1480543692455205,6,6,6,0,0,0,veteran,,,,
Klay Thompson,34.729637234770706,DAL,0,wing,0.2552614422382,2.5157716085809,-2.2605101663427,72,4700,6,Bench/Developing,#808080,-2.8605101663427,-4.6605101663427,-10.0,6,6,6,0,0,0,veteran,,,,
Ivica Zubac,27.6249144421629,LAC,0,big,-1.6742953538973,0.61931233145849,-2.29360768535579,80,3521,6,Bench/Developing,#808080,-2.4936076853557902,-2.8936076853557906,-3.6936076853557904,6,6,6,0,0,0,veteran,,,,
Max Christie,21.724845995893222,DAL,0,wing,-1.9992749889876,0.3578037435965699,-2.3570787325841698,32,1995,6,Bench/Developing,#808080,-2.3570787325841698,-2.3570787325841698,-2.45707873258417,6,6,6,0,0,0,veteran,,,,
Jonathan Kuminga,22.072553045859,GSW,0,forward,-0.8037124349977001,1.57470472995835,-2.3784171649560504,47,3970,6,Bench/Developing,#808080,-2.3784171649560504,-2.3784171649560504,-2.5784171649560506,6,6,6,0,0,0,veteran,,,,
Harrison Barnes,32.42436687200548,SAS,0,big,-0.2211693012320199,2.15905755581616,-2.38022685704818,82,4910,6,Bench/Developing,#808080,-2.78022685704818,-3.98022685704818,-5.780226857048181,6,6,6,0,0,0,veteran,,,,
Jordan Hawkins,22.510609171800137,NOP,0,wing,0.13111442666809,2.52423603028734,-2.39312160361925,56,2394,6,Bench/Developing,#808080,-2.39312160361925,-2.39312160361925,-2.59312160361925,6,6,6,0,0,0,veteran,,,,
Rayan Rupert,20.421629021218344,POR,0,combo,-1.54379553811483,0.8846061964176701,-2.4284017345325,33,1265,6,Bench/Developing,#808080,-2.4284017345325,-2.4284017345325,-2.4284017345325,6,6,6,0,0,0,veteran,,,,
Garrison Mathews,28.021902806297057,ATL,0,wing,-0.26472703368587,2.18760820748527,-2.45233524117114,46,2046,6,Bench/Developing,#808080,-2.6523352411711403,-3.2523352411711404,-4.05233524117114,6,6,6,0,0,0,veteran,,,,
Sandro Mamukelashvili,25.44558521560575,SAS,0,big,-1.36697566246382,1.0966652940614698,-2.46364095652529,52,941,6,Bench/Developing,#808080,-2.56364095652529,-2.8636409565252903,-3.2636409565252906,6,6,6,0,0,0,veteran,,,,
Jeremy Sochan,21.453798767967147,SAS,0,forward,-0.6402260785985601,1.8799350331862,-2.52016111178476,54,4520,6,Bench/Developing,#808080,-2.52016111178476,-2.52016111178476,-2.62016111178476,6,6,6,0,0,0,veteran,,,,
Jabari Smith Jr.,21.472963723477072,HOU,0,big,-0.71667849581967,1.8177177586817896,-2.53439625450146,57,4924,6,Bench/Developing,#808080,-2.53439625450146,-2.53439625450146,-2.63439625450146,6,6,6,0,0,0,veteran,,,,
Dominick Barlow,21.43737166324436,ATL,0,big,0.28765067214543,2.85542678147926,-2.56777610933383,27,795,6,Bench/Developing,#808080,-2.56777610933383,-2.56777610933383,-2.66777610933383,6,6,6,0,0,0,veteran,,,,
Jerami Grant,30.64202600958248,POR,0,big,-1.95073989649357,0.65303169487071,-2.6037715913642803,47,3692,6,Bench/Developing,#808080,-3.00377159136428,-3.80377159136428,-5.00377159136428,6,6,6,0,0,0,veteran,,,,
Mouhamed Gueye,21.97946611909651,ATL,0,big,-1.87795197205292,0.76316265274828,-2.6411146248012,32,156,6,Bench/Developing,#808080,-2.6411146248012,-2.6411146248012,-2.7411146248012,6,6,6,0,0,0,veteran,,,,
John Collins,27.107460643394933,UTA,0,big,-1.08904365684156,1.7296774408518598,-2.81872109769342,40,3859,6,Bench/Developing,#808080,-3.0187210976934202,-3.4187210976934206,-4.218721097693421,6,6,6,0,0,0,veteran,,,,
Josh Giddey,22.06160164271047,CHI,0,point,-1.14764403009818,1.7252136946814398,-2.87285772477962,70,4213,6,Bench/Developing,#808080,-2.87285772477962,-2.87285772477962,-3.0728577247796203,6,6,6,0,0,0,veteran,,,,
Thomas Bryant,27.255304585900067,MIA,0,big,-1.3199421528217898,1.56652371714458,-2.88646586996637,56,882,6,Bench/Developing,#808080,-3.08646586996637,-3.4864658699663704,-4.286465869966371,6,6,6,0,0,0,veteran,,,,
Olivier-Maxence Prosper,22.33264887063655,DAL,0,forward,-2.25792476806147,0.6325442256025999,-2.89046899366407,48,721,6,Bench/Developing,#808080,-2.89046899366407,-2.89046899366407,-3.09046899366407,6,6,6,0,0,0,veteran,,,,
Kyle Kuzma,29.27583846680356,MIL,0,forward,-1.50764927627884,1.39945217280729,-2.90710144908613,33,4847,6,Bench/Developing,#808080,-3.10710144908613,-3.90710144908613,-4.90710144908613,6,6,6,0,0,0,veteran,,,,
Gary Trent Jr.,25.78781656399726,MIL,0,wing,-0.30510649223142,2.70479333712914,-3.00989982936056,74,4000,6,Bench/Developing,#808080,-3.10989982936056,-3.4098998293605605,-3.809899829360561,6,6,6,0,0,0,veteran,,,,
Julian Strawther,22.54072553045859,DEN,0,wing,-0.91496078791048,2.09850021117598,-3.01346099908646,63,1100,6,Bench/Developing,#808080,-3.01346099908646,-3.01346099908646,-3.21346099908646,6,6,6,0,0,0,veteran,,,,
Noah Clowney,20.301163586584533,BKN,0,big,-2.27921459926445,0.74058342927769,-3.01979802854214,46,659,6,Bench/Developing,#808080,-3.01979802854214,-3.01979802854214,-3.01979802854214,6,6,6,0,0,0,veteran,,,,
Ziaire Williams,23.137577002053387,BKN,0,wing,-1.55430513115587,1.49126641556397,-3.04557154671984,63,2108,6,Bench/Developing,#808080,-3.04557154671984,-3.14557154671984,-3.4455715467198402,6,6,6,0,0,0,veteran,,,,
Tosan Evbuomwan,23.707049965776864,BKN,0,forward,-1.5322407552036,1.54581066936693,-3.07805142457053,28,739,6,Bench/Developing,#808080,-3.07805142457053,-3.1780514245705302,-3.4780514245705305,6,6,6,0,0,0,veteran,,,,
Micah Potter,26.573579739904176,UTA,0,big,-1.83196331389444,1.30185922777372,-3.13382254166816,37,375,6,Bench/Developing,#808080,-3.23382254166816,-3.6338225416681604,-4.233822541668161,6,6,6,0,0,0,veteran,,,,
RJ Barrett,24.383299110198493,TOR,0,wing,-0.6073456721842501,2.57908178398999,-3.1864274561742403,58,3805,6,Bench/Developing,#808080,-3.1864274561742403,-3.3864274561742405,-3.786427456174241,6,6,6,0,0,0,veteran,,,,
Corey Kispert,25.66735112936345,WAS,0,forward,0.6137526246959399,3.84298375101988,-3.22923112632394,61,4382,6,Bench/Developing,#808080,-3.3292311263239402,-3.6292311263239405,-4.029231126323941,6,6,6,0,0,0,veteran,,,,
Pat Connaughton,31.81930184804928,MIL,0,wing,-1.4936618333963,1.81103549581395,-3.30469732921025,40,3475,6,Bench/Developing,#808080,-3.70469732921025,-4.70469732921025,-6.20469732921025,6,6,6,0,0,0,veteran,,,,
Haywood Highsmith,27.89596167008898,MIA,0,forward,-2.80908978773651,0.503119862279,-3.31220965001551,73,2720,6,Bench/Developing,#808080,-3.51220965001551,-3.9122096500155106,-4.712209650015511,6,6,6,0,0,0,veteran,,,,
Jeff Green,38.17932922655715,HOU,0,forward,-1.46944166154704,1.88206024917637,-3.3515019107234103,27,2654,6,Bench/Developing,#808080,-10.0,-10.0,-10.0,6,6,6,0,0,0,veteran,,,,
Jake LaRavia,22.99520876112252,MEM,0,wing,-1.45408513512167,1.94142732336456,-3.395512458486229,47,1630,6,Bench/Developing,#808080,-3.395512458486229,-3.395512458486229,-3.5955124584862292,6,6,6,0,0,0,veteran,,,,
Vit Krejci,24.36960985626284,ATL,0,wing,-0.71620924225605,2.78795325904199,-3.50416250129804,56,1079,6,Bench/Developing,#808080,-3.50416250129804,-3.70416250129804,-4.10416250129804,6,6,6,0,0,0,veteran,,,,
Taurean Prince,30.61464750171116,MIL,0,wing,-0.82778433048499,2.74907972986089,-3.57686406034588,80,4405,6,Bench/Developing,#808080,-3.97686406034588,-4.77686406034588,-5.976864060345879,6,6,6,0,0,0,veteran,,,,
Norman Powell,31.43874058863792,LAC,0,wing,-0.8627709542159301,2.7258088425956903,-3.5885797968116204,60,4034,6,Bench/Developing,#808080,-3.9885797968116203,-4.98857979681162,-6.48857979681162,6,6,6,0,0,0,veteran,,,,
Santi Aldama,23.80835044490076,MEM,0,big,-1.5193875352456598,2.10141109426201,-3.6207986295076697,65,3244,6,Bench/Developing,#808080,-3.6207986295076697,-3.72079862950767,-4.02079862950767,6,6,6,0,0,0,veteran,,,,
David Roddy,23.60027378507872,ATL,0,forward,-1.8830954049109097,1.91503251766566,-3.79812792257657,23,2411,6,Bench/Developing,#808080,-3.79812792257657,-3.89812792257657,-4.19812792257657,6,6,6,0,0,0,veteran,,,,
Drew Eubanks,27.74811772758385,UTA,0,big,-2.1966347105562103,1.622823221433,-3.81945793198921,37,2332,6,Bench/Developing,#808080,-4.01945793198921,-4.419457931989211,-5.219457931989211,6,6,6,0,0,0,veteran,,,,
Nick Richards,26.924024640657084,CHA,0,big,-1.90753250145415,1.94939846356151,-3.85693096501566,21,3439,6,Bench/Developing,#808080,-3.95693096501566,-4.3569309650156605,-4.956930965015661,6,6,6,0,0,0,veteran,,,,
Bennedict Mathurin,22.3709787816564,IND,0,wing,-1.38791501491559,2.5125301063664,-3.90044512128199,72,3256,6,Bench/Developing,#808080,-3.90044512128199,-3.90044512128199,-4.1004451212819895,6,6,6,0,0,0,veteran,,,,
Ayo Dosunmu,24.791238877481177,CHI,0,wing,-3.39443802728037,0.53699463283381,-3.93143266011418,46,4356,6,Bench/Developing,#808080,-3.93143266011418,-4.1314326601141795,-4.53143266011418,6,6,6,0,0,0,veteran,,,,
Andre Jackson Jr.,22.9678302532512,MIL,0,wing,-1.08495080777506,2.896973393119,-3.98192420089406,63,1189,6,Bench/Developing,#808080,-3.98192420089406,-3.98192420089406,-4.181924200894059,6,6,6,0,0,0,veteran,,,,
Shaedon Sharpe,21.426420260095824,POR,0,combo,-0.99222427297713,3.0102597722373297,-4.00248404521446,72,2153,6,Bench/Developing,#808080,-4.00248404521446,-4.00248404521446,-4.102484045214459,6,6,6,0,0,0,veteran,,,,
Brandon Boston Jr.,22.92676249144421,NOP,0,wing,-3.73515742356579,0.40826787669033,-4.14342530025612,41,713,6,Bench/Developing,#808080,-4.14342530025612,-4.14342530025612,-4.343425300256119,6,6,6,0,0,0,veteran,,,,
Marcus Sasser,24.112251882272417,DET,0,point,-1.63544933212835,2.51893222647714,-4.15438155860549,51,2765,6,Bench/Developing,#808080,-4.15438155860549,-4.354381558605489,-4.754381558605489,6,6,6,0,0,0,veteran,,,,
Blake Wesley,21.631759069130734,SAS,0,combo,-3.0793894056404403,1.09836804037082,-4.1777574460112605,45,1791,6,Bench/Developing,#808080,-4.1777574460112605,-4.1777574460112605,-4.27775744601126,6,6,6,0,0,0,veteran,,,,
Dalano Banton,24.985626283367555,POR,0,wing,-3.2868714644721497,0.94382435222786,-4.23069581670001,62,2019,6,Bench/Developing,#808080,-4.23069581670001,-4.430695816700009,-4.830695816700009,6,6,6,0,0,0,veteran,,,,
Jaden Ivey,22.715947980835043,DET,0,combo,-0.69064633630446,3.6031722578639096,-4.2938185941683695,30,4533,6,Bench/Developing,#808080,-4.2938185941683695,-4.2938185941683695,-4.493818594168369,6,6,6,0,0,0,veteran,,,,
Jabari Walker,22.258726899383984,POR,0,big,-1.64388988677963,2.67659096932671,-4.32048085610634,48,3423,6,Bench/Developing,#808080,-4.32048085610634,-4.32048085610634,-4.52048085610634,6,6,6,0,0,0,veteran,,,,
Brice Sensabaugh,21.00752908966461,UTA,0,wing,-0.44470956397616,3.90333245777206,-4.3480420217482205,70,1140,6,Bench/Developing,#808080,-4.3480420217482205,-4.3480420217482205,-4.44804202174822,6,6,6,0,0,0,veteran,,,,
Jalen Green,22.72689938398357,HOU,0,wing,-1.1001780959781902,3.30823443060424,-4.40841252658243,82,5340,6,Bench/Developing,#808080,-4.40841252658243,-4.40841252658243,-4.60841252658243,6,6,6,0,0,0,veteran,,,,
Doug McDermott,32.82956878850103,SAC,0,wing,-0.07163684418894,4.34252490180574,-4.41416174599468,29,1914,6,Bench/Developing,#808080,-4.814161745994681,-6.01416174599468,-7.814161745994681,6,6,6,0,0,0,veteran,,,,
Nick Smith Jr.,20.539356605065024,CHA,0,combo,-3.45804017352149,1.00044050096079,-4.45848067448228,56,1420,6,Bench/Developing,#808080,-4.45848067448228,-4.45848067448228,-4.45848067448228,6,6,6,0,0,0,veteran,,,,
Keyonte George,20.982888432580424,UTA,0,combo,-2.54246959657421,1.94338425057901,-4.48585384715322,67,4097,6,Bench/Developing,#808080,-4.48585384715322,-4.48585384715322,-4.48585384715322,6,6,6,0,0,0,veteran,,,,
Richaun Holmes,31.04722792607803,WAS,0,big,-3.1994097494766995,1.30892608364328,-4.508335833119979,27,1155,6,Bench/Developing,#808080,-4.908335833119979,-5.908335833119979,-7.408335833119979,6,6,6,0,0,0,veteran,,,,
Trendon Watford,23.978097193702943,BKN,0,big,-1.51209842091542,3.01769499003179,-4.52979341094721,43,1618,6,Bench/Developing,#808080,-4.52979341094721,-4.62979341094721,-4.92979341094721,6,6,6,0,0,0,veteran,,,,
Brandon Miller,21.94387405886379,CHA,0,wing,-1.56920372757445,3.1125885529222503,-4.6817922804967,27,4737,6,Bench/Developing,#808080,-4.6817922804967,-4.6817922804967,-4.7817922804967,6,6,6,0,0,0,veteran,,,,
Jeremiah Robinson-Earl,23.99452429842573,NOP,0,big,-2.75083310740894,1.9669744906805904,-4.71780759808953,63,692,6,Bench/Developing,#808080,-4.71780759808953,-4.81780759808953,-5.11780759808953,6,6,6,0,0,0,veteran,,,,
Malaki Branham,21.475701574264203,SAS,0,wing,-1.7154306576741398,3.1777969635757604,-4.8932276212499,31,3310,6,Bench/Developing,#808080,-4.8932276212499,-4.8932276212499,-4.9932276212499,6,6,6,0,0,0,veteran,,,,
Jaden Hardy,21.32785763175907,DAL,0,combo,-1.9598918103306,3.08051596236721,-5.04040777269781,57,2074,6,Bench/Developing,#808080,-5.04040777269781,-5.04040777269781,-5.1404077726978095,6,6,6,0,0,0,veteran,,,,
Scoot Henderson,20.744695414099933,POR,0,point,-2.02778645384059,3.417475414133,-5.44526186797359,66,3534,6,Bench/Developing,#808080,-5.44526186797359,-5.44526186797359,-5.44526186797359,6,6,6,0,0,0,veteran,,,,
DeAndre Jordan,36.28199863107461,DEN,0,big,-3.65941493922335,1.91566928304236,-5.57508422226571,56,763,6,Bench/Developing,#808080,-6.475084222265711,-10.0,-10.0,6,6,6,0,0,0,veteran,,,,
Johnny Davis,22.6776180698152,WAS,0,wing,-4.08233214015427,1.90615136874726,-5.988483508901529,21,1304,6,Bench/Developing,#808080,-5.988483508901529,-5.988483508901529,-6.188483508901529,6,6,6,0,0,0,veteran,,,,
Gradey Dick,20.95003422313484,TOR,0,wing,-3.1009543617886,2.90054041502445,-6.00149477681305,54,2539,6,Bench/Developing,#808080,-6.00149477681305,-6.00149477681305,-6.00149477681305,6,6,6,0,0,0,veteran,,,,
Brandon Williams,24.944558521560573,DAL,0,point,-3.75810792279834,2.38150197252478,-6.13960989532312,25,245,6,Bench/Developing,#808080,-6.13960989532312,-6.339609895323119,-6.739609895323119,6,6,6,0,0,0,veteran,,,,
Bilal Coulibaly,20.268309377138944,WAS,0,wing,-3.4533300607874,2.71516495529665,-6.16849501608405,59,3625,6,Bench/Developing,#808080,-6.16849501608405,-6.16849501608405,-6.16849501608405,6,6,6,0,0,0,veteran,,,,
Zac Risacher,19.0,ATL,rookie,rookie,-1.6610801385085543,2.569465885603829,-4.230546024112384,24,23426,6,Bench,#808080,-4.230546024112384,-4.230546024112384,-4.230546024112384,6,6,6,0,0,0,rookie_2024,1.0,-2.041871220649412,3.0713843112874737,-5.113255531936886
Alex Sarr,19.0,WAS,rookie,rookie,-0.4233048017741808,-0.9549592121041064,0.5316544103299256,16,17615,4,Quality Starter,#4169E1,0.5316544103299256,0.5316544103299256,0.5316544103299256,3,2,2,1,2,2,rookie_2024,2.0,-0.5772112914699782,-1.0896104945619414,0.5123992030919632
Reed Sheppard,20.0,HOU,rookie,rookie,-1.0646603376151789,0.3971520899386344,-1.4618124275538134,22,8057,5,Rotation,#32CD32,-1.4618124275538134,-1.4618124275538134,-1.4618124275538134,5,4,3,0,1,2,rookie_2024,3.0,-1.85087655062534,0.926530468884282,-2.777407019509622
Stephon Castle,20.0,SAS,rookie,rookie,-0.1080413558050505,0.7777072608612985,-0.8857486166663491,16,20329,5,Rotation,#32CD32,-0.8857486166663491,-0.8857486166663491,-0.8857486166663491,5,4,3,0,1,2,rookie_2024,4.0,-0.2721237196829135,1.0337061789056357,-1.3058298985885493
Donovan Clingan,20.0,POR,rookie,rookie,-1.0682924225917576,-1.9796575489022648,0.9113651263105071,22,13686,4,Quality Starter,#4169E1,0.9113651263105071,0.9113651263105071,0.9113651263105071,3,2,2,1,2,2,rookie_2024,7.0,-1.383090554434764,-2.583644846288341,1.2005542918535772
Zach Edey,23.0,MEM,rookie,rookie,1.0301579766245357,-2.49250610844971,3.522664085074246,11,13612,2,All-NBA,#C0C0C0,3.522664085074246,3.422664085074246,3.1226640850742458,2,1,1,0,1,1,rookie_2024,9.0,1.532350024004755,-3.311974813360024,4.844324837364779
Matas Buzelis,20.0,CHI,rookie,rookie,0.2547411273866644,-1.75619006484615,2.010931192232815,9,3654,2,All-NBA,#C0C0C0,2.010931192232815,2.010931192232815,2.010931192232815,2,2,2,0,0,0,rookie_2024,11.0,1.2402917291437583,-2.4996804556198016,3.73997218476356
Dalton Knecht,23.0,LAL,rookie,rookie,0.078113894717304,0.7941057689784989,-0.7159918742611949,20,13515,5,Rotation,#32CD32,-0.7159918742611949,-0.8159918742611949,-1.115991874261195,5,5,5,0,0,0,rookie_2024,17.0,0.2170574775536615,1.0124801512391124,-0.7954226736854508
Tristan da Silva,23.0,ORL,rookie,rookie,0.4234363713691155,0.6275236379013726,-0.204087266532257,16,5883,5,Rotation,#32CD32,-0.204087266532257,-0.30408726653225704,-0.604087266532257,4,4,4,1,1,1,rookie_2024,18.0,0.6736095870616604,0.4927351088039317,0.1808744782577287
Kyshawn George,20.0,WAS,rookie,rookie,-1.061551995311294,-0.5192837806952716,-0.5422682146160224,22,18053,5,Rotation,#32CD32,-0.5422682146160224,-0.5422682146160224,-0.5422682146160224,5,4,4,0,1,1,rookie_2024,24.0,-1.3742412431188482,-0.6675835181608134,-0.7066577249580348
Kon Knueppel,20.0,CHA,rookie,rookie,-0.4542257780481597,0.3240683259105885,-0.7782941039587483,26,3391,5,Rotation,#32CD32,-0.7782941039587483,-0.7782941039587483,-0.7782941039587483,5,5,4,0,0,1,rookie_2025,21.0,-1.224076483740456,0.4455476609990503,-1.6696241447395064
Cooper Flagg,18.0,Duke,prospect,prospect,0.15,0.15,0.3,0,0,4,Quality Starter,#4169E1,0.3,0.3,0.3,3,2,2,1,2,2,prospect_2025,1.0,,,
Dylan Harper,19.0,Rutgers,prospect,prospect,0.15,0.15,0.3,0,0,4,Quality Starter,#4169E1,0.3,0.3,0.3,3,2,2,1,2,2,prospect_2025,2.0,,,
Ace Bailey,19.0,Rutgers,prospect,prospect,0.15,0.15,0.3,0,0,4,Quality Starter,#4169E1,0.3,0.3,0.3,3,2,2,1,2,2,prospect_2025,3.0,,,
V.J. Edgecombe,19.0,Baylor,prospect,prospect,-0.1,-0.1,-0.2,0,0,5,Rotation,#32CD32,-0.2,-0.2,-0.2,4,3,2,1,2,3,prospect_2025,5.0,,,
Tre Johnson,19.0,Texas,prospect,prospect,-0.35,-0.35,-0.7,0,0,5,Rotation,#32CD32,-0.7,-0.7,-0.7,5,4,4,0,1,1,prospect_2025,6.0,,,
