name,season,o_rapm,d_rapm,total_rapm,games,o_rapm_projected,d_rapm_projected,total_rapm_projected
Julius Randle,2024,1.51125735173796,0.6183612395922999,0.89289611214566,69,0.1477045812693117,0.3532948168203212,-0.2055902355510095
Moses Moody,2024,-0.7931520692983499,0.57409186856712,-1.36724393786547,74,-0.6065691241364617,0.7104949021977341,-1.317064026334196
Andre Jackson Jr.,2024,-1.08495080777506,2.896973393119,-3.98192420089406,63,-1.08495080777506,2.896973393119,-3.98192420089406
Orlando Robinson,2024,-0.1978303030387,0.68600066890859,-0.88383097194729,34,-0.1461083193959467,0.5742209951869507,-0.7203293145828974
Dario Saric,2024,0.57078634356797,2.24873363296484,-1.6779472893968697,15,0.888436831417099,0.6159685315989707,0.27246829981812826
Franz Wagner,2024,0.67725706074303,-2.7962215811726603,3.4734786419156904,60,1.0426358130872273,-1.8794173579641524,2.9220531710513797
Matisse Thybulle,2024,-2.09824582570285,-2.0589858311365403,-0.0392599945663096,15,-1.0860036152545518,-2.0040654143200287,0.9180617990654769
Andre Drummond,2024,0.65501553022003,-0.2443680536668299,0.89938358388686,40,0.0266894685685521,0.2963664354866545,-0.2696769669181024
Evan Mobley,2024,-2.79603142770386,-1.92261094959018,-0.8734204781136801,71,-1.6508195245756505,-2.3795265228726667,0.7287069982970162
Keldon Johnson,2024,0.25050370589269,1.3550743490095198,-1.1045706431168298,77,-0.0936238753238488,1.262165550673061,-1.3557894259969097
Santi Aldama,2024,-1.5193875352456598,2.10141109426201,-3.6207986295076697,65,-1.2339204554535872,1.1449351542397035,-2.3788556096932907
Jordan Miller,2024,-0.7415075140076199,0.9845674468024,-1.72607496081002,32,-0.7415075140076199,0.9845674468024,-1.72607496081002
Peyton Watson,2024,-1.4789949263765,0.18013553617694,-1.6591304625534398,68,-1.2270587034014322,0.3527412008025424,-1.5797999042039745
Pascal Siakam,2024,3.0824633802297297,0.47934275567254,2.6031206245571896,78,2.761391208532046,-0.3017347000644486,3.0631259085964944
De'Aaron Fox,2024,2.39599007632306,0.90402695697173,1.4919631193513303,17,1.751872696600033,2.063792105438599,-0.31191940883856595
De'Aaron Fox,2024,2.39599007632306,0.90402695697173,1.4919631193513303,17,1.751872696600033,2.063792105438599,-0.31191940883856595
De'Aaron Fox,2024,2.39599007632306,0.90402695697173,1.4919631193513303,45,1.751872696600033,2.063792105438599,-0.31191940883856595
De'Aaron Fox,2024,2.39599007632306,0.90402695697173,1.4919631193513303,45,1.751872696600033,2.063792105438599,-0.31191940883856595
Mark Williams,2024,-0.30721225825672,-0.1111195164900999,-0.19609274176662,44,-0.5055429494910441,-0.1206083220910775,-0.38493462739996653
Collin Sexton,2024,1.89139113216553,3.23724720328407,-1.34585607111854,63,-0.3668924865449962,3.6844294777068343,-4.05132196425183
Isaac Okoro,2024,-0.02156870398288,0.6714765367615899,-0.6930452407444699,55,-0.4880536207562457,1.42095989975191,-1.9090135205081555
Isaiah Joe,2024,1.7278634313548602,0.47966794538547,1.2481954859693902,74,1.1460644373774949,0.7516710159185509,0.39439342145894396
Bilal Coulibaly,2024,-3.4533300607874,2.71516495529665,-6.16849501608405,59,-3.4533300607874,2.71516495529665,-6.16849501608405
Quenton Jackson,2024,-1.16271086119893,0.51068751930344,-1.6733983805023702,24,-1.16271086119893,0.51068751930344,-1.6733983805023702
Jaden Hardy,2024,-1.9598918103306,3.08051596236721,-5.04040777269781,57,-1.0342034315148656,3.0455184894504845,-4.07972192096535
Klay Thompson,2024,0.2552614422382,2.5157716085809,-2.2605101663427,72,0.6230884315473691,1.331269821131352,-0.7081813895839829
Mitchell Robinson,2024,1.91953511236842,0.23891432551302,1.6806207868554002,17,0.3820045485271582,-0.2016283729907812,0.5836329215179394
Dru Smith,2024,-2.17373101248815,0.5447343153508499,-2.718465327839,13,-1.887918528451064,0.4624648131886306,-2.3503833416396946
Zion Williamson,2024,1.11464251412257,-0.8239295959121601,1.93857211003473,30,1.9700431550057924,-0.2720223482184843,2.2420655032242767
Bruce Brown,2024,0.42382511356637,2.04839944226009,-1.6245743286937202,23,0.1577610615411458,1.0139026726914164,-0.8561416111502707
Bruce Brown,2024,0.42382511356637,2.04839944226009,-1.6245743286937202,23,0.1577610615411458,1.0139026726914164,-0.8561416111502707
Bruce Brown,2024,0.42382511356637,2.04839944226009,-1.6245743286937202,18,0.1577610615411458,1.0139026726914164,-0.8561416111502707
Bruce Brown,2024,0.42382511356637,2.04839944226009,-1.6245743286937202,18,0.1577610615411458,1.0139026726914164,-0.8561416111502707
Jae'Sean Tate,2024,-2.5912748553433103,-2.0234990623785,-0.5677757929648104,40,-1.686608858903635,-0.4727300046329132,-1.2138788542707217
Karl-Anthony Towns,2024,1.94635180076568,-0.10206876592387,2.04842056668955,72,2.8623199002272544,0.4814969127071165,2.380822987520138
Georges Niang,2024,-0.49028224085937,1.75777212838615,-2.24805436924552,28,0.1871880699187759,1.0425595498474105,-0.8553714799286346
Georges Niang,2024,-0.49028224085937,1.75777212838615,-2.24805436924552,28,0.1871880699187759,1.0425595498474105,-0.8553714799286346
Georges Niang,2024,-0.49028224085937,1.75777212838615,-2.24805436924552,51,0.1871880699187759,1.0425595498474105,-0.8553714799286346
Georges Niang,2024,-0.49028224085937,1.75777212838615,-2.24805436924552,51,0.1871880699187759,1.0425595498474105,-0.8553714799286346
Deandre Ayton,2024,-0.46430042031434,0.16070618720989,-0.62500660752423,40,-0.162893622680191,0.9695650138561578,-1.1324586365363487
Paul Reed,2024,1.43726646691735,0.93288527114682,0.50438119577053,38,0.5807174858056875,1.3330265618466215,-0.752309076040934
Markelle Fultz,2024,-0.97690572640921,0.43074580917954,-1.40765153558875,19,-0.7151852040336368,0.4393475357226338,-1.1545327397562706
Kyle Lowry,2024,-0.15957942084003,-1.03923831766932,0.87965889682929,35,0.952029264167057,-1.0226461786071233,1.9746754427741804
Ayo Dosunmu,2024,-3.39443802728037,0.53699463283381,-3.93143266011418,46,-3.043251655717471,0.4849997557174397,-3.528251411434911
David Roddy,2024,-1.8830954049109097,1.91503251766566,-3.79812792257657,23,-1.402292753977627,1.7740802413953232,-3.17637299537295
Grant Williams,2024,-0.83690228616489,1.66373152012634,-2.50063380629123,16,-0.693890515794403,0.5083526551997276,-1.2022431709941306
Maxi Kleber,2024,-1.7383520447673302,-1.10254154829679,-0.6358104964705402,34,-1.4006019665493974,-1.3662922957637924,-0.034309670785604984
Myles Turner,2024,2.8599750093183203,-1.32959574076275,4.189570750081071,72,0.6730685820791948,-1.454554179724386,2.127622761803581
Marcus Smart,2024,0.59398333754358,-0.8000355039627199,1.3940188415063,19,0.2888846979430019,-0.6935192624940173,0.9824039604370192
Marcus Smart,2024,0.59398333754358,-0.8000355039627199,1.3940188415063,19,0.2888846979430019,-0.6935192624940173,0.9824039604370192
Marcus Smart,2024,0.59398333754358,-0.8000355039627199,1.3940188415063,15,0.2888846979430019,-0.6935192624940173,0.9824039604370192
Marcus Smart,2024,0.59398333754358,-0.8000355039627199,1.3940188415063,15,0.2888846979430019,-0.6935192624940173,0.9824039604370192
Joe Ingles,2024,1.61089292166379,-0.2649355742661199,1.8758284959299096,18,0.8629229341647205,-0.8700279316949279,1.7329508658596484
Jaden Springer,2024,-0.1964277062726599,0.87995588372766,-1.07638359000032,17,-0.1772119783326629,0.6637697194274351,-0.840981697760098
Larry Nance Jr.,2024,0.24356436418304,-1.32062884192004,1.56419320610308,24,-1.166777157823743,-1.6295671071708204,0.4627899493470775
Brandon Ingram,2024,1.05714953191543,-0.18023197145891,1.23738150337434,18,0.9666821707514872,0.7169163537074407,0.24976581704404655
Richaun Holmes,2024,-3.1994097494766995,1.30892608364328,-4.508335833119979,27,-0.9219737265955348,0.4262476052667189,-1.3482213318622538
Drew Peterson,2024,-0.5471163634880001,0.64261468267551,-1.18973104616351,17,-0.5471163634880001,0.64261468267551,-1.18973104616351
Ochai Agbaji,2024,0.81061650285313,0.79210323668068,0.01851326617245,64,1.3101668213928106,0.9190965889583947,0.39107023243441585
DaQuan Jeffries,2024,-1.32867253881578,0.2040583308493,-1.53273086966508,46,-1.1666654319748346,0.3097393288868622,-1.4764047608616968
Jeremy Sochan,2024,-0.6402260785985601,1.8799350331862,-2.52016111178476,54,-0.2335834742308837,2.006774000684734,-2.240357474915618
Immanuel Quickley,2024,-0.54220870295384,-3.59587493595639,3.05366623300255,33,0.4248708962962541,-2.8654993038003864,3.2903702000966404
Tre Mann,2024,-1.5376300024515102,0.86073950981573,-2.39836951226724,13,-1.3810420763134084,1.374006885610495,-2.7550489619239036
Buddy Hield,2024,0.29939772917819,2.04418623200855,-1.74478850283036,82,1.0484046625722894,1.535296281300228,-0.4868916187279386
Russell Westbrook,2024,-0.0072355462104371,1.02078087837799,-1.0280164245884271,75,0.1484032042436421,0.4450902102793799,-0.29668700603573783
Anthony Edwards,2024,2.06659728072067,-1.30934325121722,3.37594053193789,79,1.2435672335119237,0.5599053061739975,0.6836619273379262
Kobe Bufkin,2024,-2.75369608574774,-0.20343492852835,-2.5502611572193903,10,-2.75369608574774,-0.2034349285283499,-2.5502611572193903
Zach Collins,2024,-1.24276765747229,0.01849979471733,-1.26126745218962,28,0.2805581459450453,0.1776613824172852,0.10289676352776009
Zach Collins,2024,-1.24276765747229,0.01849979471733,-1.26126745218962,28,0.2805581459450453,0.1776613824172852,0.10289676352776009
Zach Collins,2024,-1.24276765747229,0.01849979471733,-1.26126745218962,31,0.2805581459450453,0.1776613824172852,0.10289676352776009
Zach Collins,2024,-1.24276765747229,0.01849979471733,-1.26126745218962,31,0.2805581459450453,0.1776613824172852,0.10289676352776009
Nickeil Alexander-Walker,2024,-0.07935967016091,-0.73240098200632,0.6530413118454099,82,-0.8322653707427519,0.828492924758066,-1.660758295500818
Joel Embiid,2024,3.5688150833907097,-3.00333641677086,6.57215150016157,19,2.756777146838149,-2.982415588692229,5.739192735530377
Daniel Theis,2024,-1.32298587246804,-0.9787486285065,-0.34423724396154,38,-0.9254124504744036,-0.9062614464781292,-0.01915100399627434
Oscar Tshiebwe,2024,-0.47766047486325,0.62365399369664,-1.10131446855989,14,-0.47766047486325,0.6236539936966399,-1.10131446855989
Alex Len,2024,-1.08918852010122,-2.11949194215735,1.0303034220561298,31,-2.092709294207545,-0.5926550379991737,-1.5000542562083714
Alex Len,2024,-1.08918852010122,-2.11949194215735,1.0303034220561298,31,-2.092709294207545,-0.5926550379991737,-1.5000542562083714
Alex Len,2024,-1.08918852010122,-2.11949194215735,1.0303034220561298,9,-2.092709294207545,-0.5926550379991737,-1.5000542562083714
Alex Len,2024,-1.08918852010122,-2.11949194215735,1.0303034220561298,9,-2.092709294207545,-0.5926550379991737,-1.5000542562083714
Obi Toppin,2024,2.97906602463672,0.40377307305576,2.57529295158096,79,1.6550841971317218,0.51821683126743,1.1368673658642918
Jaylen Brown,2024,-0.63705742720183,-0.1239238714779,-0.51313355572393,63,-0.4087895145750897,-0.3574729068953075,-0.051316607679782245
Jalen Johnson,2024,-2.0263267738156,-0.1897484815916,-1.836578292224,36,-1.37663063094803,0.0819506884051163,-1.4585813193531463
Dorian Finney-Smith,2024,-0.03282043040596,-0.70015097202515,0.6673305416191899,20,1.2209414908641565,-0.6348239995567858,1.8557654904209424
Dorian Finney-Smith,2024,-0.03282043040596,-0.70015097202515,0.6673305416191899,20,1.2209414908641565,-0.6348239995567858,1.8557654904209424
Dorian Finney-Smith,2024,-0.03282043040596,-0.70015097202515,0.6673305416191899,43,1.2209414908641565,-0.6348239995567858,1.8557654904209424
Dorian Finney-Smith,2024,-0.03282043040596,-0.70015097202515,0.6673305416191899,43,1.2209414908641565,-0.6348239995567858,1.8557654904209424
LaMelo Ball,2024,2.247638611914,1.8430605351632896,0.4045780767507103,47,1.4613432468546044,1.871599510373568,-0.4102562635189637
Naji Marshall,2024,0.41956692297733,-1.39564053840873,1.81520746138606,69,-0.1658860837651893,-0.5836530701880106,0.4177669864228213
Nick Richards,2024,-1.90753250145415,1.94939846356151,-3.85693096501566,21,-1.2727399991333206,1.7418505362822605,-3.0145905354155813
Nick Richards,2024,-1.90753250145415,1.94939846356151,-3.85693096501566,21,-1.2727399991333206,1.7418505362822605,-3.0145905354155813
Nick Richards,2024,-1.90753250145415,1.94939846356151,-3.85693096501566,36,-1.2727399991333206,1.7418505362822605,-3.0145905354155813
Nick Richards,2024,-1.90753250145415,1.94939846356151,-3.85693096501566,36,-1.2727399991333206,1.7418505362822605,-3.0145905354155813
Garrison Mathews,2024,-0.26472703368587,2.18760820748527,-2.45233524117114,46,0.288783036547096,1.7252979663589365,-1.4365149298118405
Brandon Williams,2024,-3.75810792279834,2.38150197252478,-6.13960989532312,25,-3.75810792279834,2.38150197252478,-6.13960989532312
LeBron James,2024,3.85547525884861,-0.708066457187,4.56354171603561,70,4.599414070265446,-1.1980047318115783,5.797418802077025
Jaxson Hayes,2024,-1.23663693926567,0.54725749279448,-1.78389443206015,56,-1.7749454958259625,0.0018595907217114,-1.7768050865476739
Gary Trent Jr.,2024,-0.30510649223142,2.70479333712914,-3.00989982936056,74,-0.0304792098933653,2.7425622140894603,-2.773041423982826
Alec Burks,2024,0.93285989946685,0.43525790309249,0.4976019963743601,49,0.545914993527163,0.0835437070522945,0.46237128647486847
Chet Holmgren,2024,3.26158445023306,-1.90449147477379,5.16607592500685,32,3.26158445023306,-1.9044914747737904,5.166075925006851
Jaylen Nowell,2024,0.97090639994027,1.79249504211039,-0.8215886421701201,8,-0.2289761134546688,1.0614291185003497,-1.2904052319550186
Dariq Whitehead,2024,-0.4117480528437999,1.21408454737706,-1.62583260022086,16,-0.4117480528437999,1.21408454737706,-1.62583260022086
Garrett Temple,2024,-5.54535601799456,2.83899593869666,-8.38435195669122,19,-2.559541691614648,0.2387150837309941,-2.798256775345642
Anthony Davis,2024,-0.16978787758518,-3.12276811402183,2.95298023643665,42,0.3077276773166373,-2.2055988728363576,2.513326550152995
Anthony Davis,2024,-0.16978787758518,-3.12276811402183,2.95298023643665,42,0.3077276773166373,-2.2055988728363576,2.513326550152995
Anthony Davis,2024,-0.16978787758518,-3.12276811402183,2.95298023643665,9,0.3077276773166373,-2.2055988728363576,2.513326550152995
Anthony Davis,2024,-0.16978787758518,-3.12276811402183,2.95298023643665,9,0.3077276773166373,-2.2055988728363576,2.513326550152995
Desmond Bane,2024,1.77120791473153,-1.35814483669815,3.12935275142968,69,1.6054544458401654,-0.6428356081764361,2.2482900540166018
Toumani Camara,2024,-2.1825316148639,-1.35532744078742,-0.8272041740764802,78,-2.1825316148639,-1.35532744078742,-0.8272041740764797
Keyonte George,2024,-2.54246959657421,1.94338425057901,-4.48585384715322,67,-2.54246959657421,1.94338425057901,-4.48585384715322
Jake LaRavia,2024,-1.45408513512167,1.94142732336456,-3.395512458486229,47,-1.2019174610438372,1.8627985448301747,-3.064716005874012
Jake LaRavia,2024,-1.45408513512167,1.94142732336456,-3.395512458486229,47,-1.2019174610438372,1.8627985448301747,-3.064716005874012
Jake LaRavia,2024,-1.45408513512167,1.94142732336456,-3.395512458486229,19,-1.2019174610438372,1.8627985448301747,-3.064716005874012
Jake LaRavia,2024,-1.45408513512167,1.94142732336456,-3.395512458486229,19,-1.2019174610438372,1.8627985448301747,-3.064716005874012
Torrey Craig,2024,-1.31829619919258,4.23952762635558,-5.55782382554816,16,-0.8525078802689714,3.2258318385419167,-4.078339718810888
Torrey Craig,2024,-1.31829619919258,4.23952762635558,-5.55782382554816,16,-0.8525078802689714,3.2258318385419167,-4.078339718810888
Torrey Craig,2024,-1.31829619919258,4.23952762635558,-5.55782382554816,9,-0.8525078802689714,3.2258318385419167,-4.078339718810888
Torrey Craig,2024,-1.31829619919258,4.23952762635558,-5.55782382554816,9,-0.8525078802689714,3.2258318385419167,-4.078339718810888
Derrick White,2024,1.6265363425340102,-2.72629223417802,4.35282857671203,76,1.2157825043765311,-2.4468529662344443,3.6626354706109754
Brandon Boston Jr.,2024,-3.73515742356579,0.40826787669033,-4.14342530025612,41,-3.497158470666315,0.1296668143204381,-3.626825284986753
Patrick Williams,2024,-0.41256682622826,1.59274756541864,-2.0053143916469,63,-1.185443576172005,2.353701155026392,-3.5391447311983972
Jalen Duren,2024,0.05480947999845,0.19323712075736,-0.1384276407589099,78,0.0381137837992935,0.2734147328553988,-0.2353009490561053
Tyler Herro,2024,2.02228996058686,0.98085623786014,1.04143372272672,77,0.75792345756302,1.5779688155598826,-0.8200453579968625
Dalano Banton,2024,-3.2868714644721497,0.94382435222786,-4.23069581670001,62,-2.8015948979766767,0.6986578468151522,-3.500252744791829
Jalen Wilson,2024,0.32560239265609,0.93797357889489,-0.6123711862387999,79,0.32560239265609,0.93797357889489,-0.6123711862387999
Domantas Sabonis,2024,0.76398571486794,-0.39468449923238,1.15867021410032,70,0.0215596223670334,-0.5432283724777757,0.564787994844809
Kobe Brown,2024,-0.4500974581773,1.64450060838521,-2.09459806656251,27,-0.4500974581773,1.64450060838521,-2.09459806656251
Colby Jones,2024,-0.86122569158045,-0.19918652020485,-0.6620391713756,13,-0.8612256915804501,-0.19918652020485,-0.6620391713756002
Trey Lyles,2024,1.48693965306113,0.76206907178353,0.7248705812776001,69,-0.1311874665678535,0.9880495708990574,-1.119237037466911
RJ Barrett,2024,-0.6073456721842501,2.57908178398999,-3.1864274561742403,58,-0.7194171888354769,1.9290093174180212,-2.648426506253498
Pat Spencer,2024,-0.8702635752329,0.7214600256626,-1.5917236008955,20,-0.8702635752328999,0.7214600256626,-1.5917236008955
Aaron Wiggins,2024,0.2715076056478099,1.02678315910913,-0.7552755534613201,76,0.0055098693006795,1.2710627636552054,-1.265552894354526
Fred VanVleet,2024,1.83412266889788,-1.45847543376047,3.29259810265835,60,1.2054668016302803,-1.317249043653372,2.5227158452836522
Jaden Ivey,2024,-0.69064633630446,3.6031722578639096,-4.2938185941683695,30,-1.360668237558235,3.9481882954662937,-5.308856533024529
Jakob Poeltl,2024,1.10578378251974,0.65617622845077,0.4496075540689699,57,1.6802353844741904,0.1539578449161759,1.5262775395580146
Chris Paul,2024,0.2887855141998799,-2.15908133644311,2.4478668506429897,82,1.947085232425751,-2.479971816786335,4.427057049212086
Vit Krejci,2024,-0.71620924225605,2.78795325904199,-3.50416250129804,56,-0.9108835543560672,2.5416032017559798,-3.452486756112047
Justin Champagnie,2024,-0.07285108995283,2.09660855946034,-2.16945964941317,60,0.0368739692704096,1.9903261434095612,-1.9534521741391515
Ausar Thompson,2024,-1.0819844556047,-0.64982820948858,-0.43215624611612,59,-1.0819844556047,-0.64982820948858,-0.43215624611612
Kevin Huerter,2024,2.5317837790505697,0.14464077551299,2.38714300353758,26,1.261862000761679,0.1133885748457842,1.1484734259158949
Kevin Huerter,2024,2.5317837790505697,0.14464077551299,2.38714300353758,26,1.261862000761679,0.1133885748457842,1.1484734259158949
Kevin Huerter,2024,2.5317837790505697,0.14464077551299,2.38714300353758,43,1.261862000761679,0.1133885748457842,1.1484734259158949
Kevin Huerter,2024,2.5317837790505697,0.14464077551299,2.38714300353758,43,1.261862000761679,0.1133885748457842,1.1484734259158949
Simone Fontecchio,2024,-1.32045291183318,0.63443208251161,-1.95488499434479,75,-1.5644578620179923,1.5628351525980666,-3.127293014616059
Josh Minott,2024,0.7146760244170299,0.3101322968077299,0.4045437276092999,33,0.7146760244170299,0.3101322968077299,0.4045437276093
Josh Green,2024,0.47999409120826,1.26154981783815,-0.7815557266298898,68,-0.0037073419179515,-0.0102587224548014,0.0065513805368498995
Dejounte Murray,2024,1.22927035161607,0.68857509091315,0.54069526070292,31,0.7796970425654498,-0.0663684961971983,0.8460655387626481
Javonte Green,2024,2.09001557278214,-0.45775820377308,2.54777377655522,16,1.4273308577706092,-0.1777175559189775,1.6050484136895866
Javonte Green,2024,2.09001557278214,-0.45775820377308,2.54777377655522,16,1.4273308577706092,-0.1777175559189775,1.6050484136895866
Javonte Green,2024,2.09001557278214,-0.45775820377308,2.54777377655522,50,1.4273308577706092,-0.1777175559189775,1.6050484136895866
Javonte Green,2024,2.09001557278214,-0.45775820377308,2.54777377655522,50,1.4273308577706092,-0.1777175559189775,1.6050484136895866
Lauri Markkanen,2024,2.83566946960162,0.35553353762003,2.48013593198159,47,1.1714241284359783,0.2967196525975294,0.8747044758384489
Kevin Durant,2024,3.78693536539854,-1.03363023409256,4.8205655994911005,62,4.028582374741769,-1.2532355737911252,5.281817948532894
Rayan Rupert,2024,-1.54379553811483,0.8846061964176701,-2.4284017345325,33,-1.54379553811483,0.8846061964176701,-2.4284017345325
Thomas Bryant,2024,-1.3199421528217898,1.56652371714458,-2.88646586996637,9,-1.2741964829921322,1.8971811823734368,-3.171377665365569
Thomas Bryant,2024,-1.3199421528217898,1.56652371714458,-2.88646586996637,9,-1.2741964829921322,1.8971811823734368,-3.171377665365569
Thomas Bryant,2024,-1.3199421528217898,1.56652371714458,-2.88646586996637,56,-1.2741964829921322,1.8971811823734368,-3.171377665365569
Thomas Bryant,2024,-1.3199421528217898,1.56652371714458,-2.88646586996637,56,-1.2741964829921322,1.8971811823734368,-3.171377665365569
De'Anthony Melton,2024,1.4081843477613,-0.53919730308204,1.94738165084334,6,0.6235215312053316,-1.4699777923124602,2.0934993235177917
Tobias Harris,2024,0.44071638237606,0.5575951119120199,-0.1168787295359599,73,0.0121671430900934,0.569209231483269,-0.5570420883931756
Caris LeVert,2024,-0.32530656572829,0.908489722423,-1.23379628815129,38,0.2559150138609414,1.1408346820759896,-0.8849196682150482
Caris LeVert,2024,-0.32530656572829,0.908489722423,-1.23379628815129,38,0.2559150138609414,1.1408346820759896,-0.8849196682150482
Caris LeVert,2024,-0.32530656572829,0.908489722423,-1.23379628815129,26,0.2559150138609414,1.1408346820759896,-0.8849196682150482
Caris LeVert,2024,-0.32530656572829,0.908489722423,-1.23379628815129,26,0.2559150138609414,1.1408346820759896,-0.8849196682150482
Trevelin Queen,2024,-0.3294091948230599,0.3481748169724999,-0.6775840117955599,24,-0.3839031615563617,0.4687666394673248,-0.8526698010236865
Dalen Terry,2024,0.24816831193722,0.53848030629829,-0.29031199436107,71,-0.2824856079167671,0.3415346139073656,-0.6240202218241326
Dyson Daniels,2024,-0.60206177051543,0.22261321440159,-0.82467498491702,76,-1.0314980492229335,-0.0453735606494029,-0.9861244885735306
Jarrett Allen,2024,0.74614522951896,-0.99875203349282,1.7448972630117798,82,0.2560850985696783,-0.8150301966631178,1.0711152952327962
Jordan McLaughlin,2024,0.5009495073521899,-2.5346602995854903,3.03560980693768,18,-0.825929276959149,-0.5947336679245276,-0.23119560903462133
Cade Cunningham,2024,-0.66763167939653,0.20149233752886,-0.86912401692539,70,-0.5682791050796079,0.2512181091335122,-0.81949721421312
Ousmane Dieng,2024,-0.1820597950792,0.91510984522911,-1.09716964030831,31,-0.3130639722786447,0.6690794960888289,-0.9821434683674736
Max Strus,2024,0.4754011332692999,0.24731986270651,0.2280812705627899,50,0.8469297769156465,0.7163456050464673,0.13058417186917926
Kyrie Irving,2024,5.3393898729381,-0.50494210802383,5.84433198096193,50,4.407678495474614,1.0317538156047903,3.375924679869824
Clint Capela,2024,1.58565913347252,-1.01081906490849,2.5964781983810097,55,0.8141170889731156,-1.5500162800852428,2.3641333690583584
D'Angelo Russell,2024,1.63492825118822,0.8184814685464401,0.8164467826417798,29,0.8582225851163215,1.509535413887026,-0.6513128287707045
D'Angelo Russell,2024,1.63492825118822,0.8184814685464401,0.8164467826417798,29,0.8582225851163215,1.509535413887026,-0.6513128287707045
D'Angelo Russell,2024,1.63492825118822,0.8184814685464401,0.8164467826417798,29,0.8582225851163215,1.509535413887026,-0.6513128287707045
D'Angelo Russell,2024,1.63492825118822,0.8184814685464401,0.8164467826417798,29,0.8582225851163215,1.509535413887026,-0.6513128287707045
Christian Braun,2024,-2.52645382271318,-0.97600849825275,-1.55044532446043,79,-2.537129288260825,-0.6608392910290566,-1.8762899972317686
Miles Bridges,2024,0.48117608683831,-0.15167367643947,0.63284976327778,64,0.1927765763790687,0.7073882451616438,-0.514611668782575
CJ McCollum,2024,1.00388066675691,2.39652732708019,-1.39264666032328,56,1.9466647616037265,1.6936289146243722,0.25303584697935433
Dennis Schroder,2024,-0.66191337885988,-0.35311960279946,-0.30879377606042,23,-0.4340338270764057,-0.255349868840682,-0.1786839582357237
Dennis Schroder,2024,-0.66191337885988,-0.35311960279946,-0.30879377606042,23,-0.4340338270764057,-0.255349868840682,-0.1786839582357237
Dennis Schroder,2024,-0.66191337885988,-0.35311960279946,-0.30879377606042,23,-0.4340338270764057,-0.255349868840682,-0.1786839582357237
Dennis Schroder,2024,-0.66191337885988,-0.35311960279946,-0.30879377606042,24,-0.4340338270764057,-0.255349868840682,-0.1786839582357237
Dennis Schroder,2024,-0.66191337885988,-0.35311960279946,-0.30879377606042,24,-0.4340338270764057,-0.255349868840682,-0.1786839582357237
Dennis Schroder,2024,-0.66191337885988,-0.35311960279946,-0.30879377606042,24,-0.4340338270764057,-0.255349868840682,-0.1786839582357237
Dennis Schroder,2024,-0.66191337885988,-0.35311960279946,-0.30879377606042,28,-0.4340338270764057,-0.255349868840682,-0.1786839582357237
Dennis Schroder,2024,-0.66191337885988,-0.35311960279946,-0.30879377606042,28,-0.4340338270764057,-0.255349868840682,-0.1786839582357237
Dennis Schroder,2024,-0.66191337885988,-0.35311960279946,-0.30879377606042,28,-0.4340338270764057,-0.255349868840682,-0.1786839582357237
Nikola Jovic,2024,-0.13089208000436,0.28522441970756,-0.41611649971192,46,-0.3966886743353765,0.4279231044701586,-0.8246117788055352
Naz Reid,2024,-1.93849653816592,-0.36528426371437,-1.57321227445155,80,-2.3500644899050664,0.3621794105956585,-2.712243900500725
Dereck Lively II,2024,3.0685498478176703,0.76805265447533,2.3004971933423404,36,3.0685498478176703,0.76805265447533,2.3004971933423404
Day'Ron Sharpe,2024,1.87040695395386,0.62419685228963,1.2462101016642302,50,1.33574194254292,1.12529323622975,0.21044870631316992
Amen Thompson,2024,-0.13627612498657,-0.56568742138296,0.42941129639639,69,-0.13627612498657,-0.56568742138296,0.42941129639639003
Bam Adebayo,2024,-1.38416224985763,-2.67108254086868,1.2869202910110498,78,-0.2450323011855332,-2.21024420509849,1.965211903912957
Corey Kispert,2024,0.6137526246959399,3.84298375101988,-3.22923112632394,61,1.1446504798193142,3.2396381048839253,-2.0949876250646113
Caleb Martin,2024,0.3958289960519999,-0.3128567576764,0.7086857537283999,14,-0.1430862700256818,-0.088670390285758,-0.0544158797399238
Caleb Martin,2024,0.3958289960519999,-0.3128567576764,0.7086857537283999,14,-0.1430862700256818,-0.088670390285758,-0.0544158797399238
Caleb Martin,2024,0.3958289960519999,-0.3128567576764,0.7086857537283999,31,-0.1430862700256818,-0.088670390285758,-0.0544158797399238
Caleb Martin,2024,0.3958289960519999,-0.3128567576764,0.7086857537283999,31,-0.1430862700256818,-0.088670390285758,-0.0544158797399238
Taj Gibson,2024,-0.43913503969663,-0.67967131563055,0.24053627593392,35,-0.521425498686651,-0.5772225132576626,0.055797014571011605
Rui Hachimura,2024,0.03917373695912,0.58793328996847,-0.5487595530093501,59,-0.7341747016289978,0.9900235989807752,-1.724198300609773
Austin Reaves,2024,1.16244850023111,-0.22712751234307,1.38957601257418,73,1.1499032651066377,-0.8635619510993444,2.013465216205982
Trey Jemison,2024,-1.10677938203496,1.8222944546893,-2.9290738367242604,14,-1.10677938203496,1.8222944546893,-2.9290738367242604
Trey Jemison,2024,-1.10677938203496,1.8222944546893,-2.9290738367242604,14,-1.10677938203496,1.8222944546893,-2.9290738367242604
Trey Jemison,2024,-1.10677938203496,1.8222944546893,-2.9290738367242604,16,-1.10677938203496,1.8222944546893,-2.9290738367242604
Trey Jemison,2024,-1.10677938203496,1.8222944546893,-2.9290738367242604,16,-1.10677938203496,1.8222944546893,-2.9290738367242604
Kenrich Williams,2024,0.64184151861326,-3.1978519564829098,3.83969347509617,69,0.4456131081337031,-2.0329052624061057,2.478518370539809
Colin Castleton,2024,-0.85350585096405,1.2430293023245,-2.09653515328855,11,-0.85350585096405,1.2430293023245,-2.09653515328855
Jimmy Butler,2024,3.05312833478694,-0.37085192921192,3.42398026399886,25,2.561178652970563,-1.1996196029441737,3.760798255914737
Jimmy Butler,2024,3.05312833478694,-0.37085192921192,3.42398026399886,25,2.561178652970563,-1.1996196029441737,3.760798255914737
Jimmy Butler,2024,3.05312833478694,-0.37085192921192,3.42398026399886,30,2.561178652970563,-1.1996196029441737,3.760798255914737
Jimmy Butler,2024,3.05312833478694,-0.37085192921192,3.42398026399886,30,2.561178652970563,-1.1996196029441737,3.760798255914737
Shai Gilgeous-Alexander,2024,3.4281360351011205,-0.46931007354711,3.8974461086482304,76,2.5254553545679994,1.059401427384738,1.4660539271832613
Markieff Morris,2024,-1.59732723940587,0.61150419294365,-2.20883143234952,8,-0.8390096043302787,0.1830350684006814,-1.02204467273096
Sam Hauser,2024,2.39359064191557,-1.69346545142156,4.0870560933371305,71,1.7526072722731991,-0.9150420039474272,2.6676492762206263
Khris Middleton,2024,1.55808871196884,0.42353043582915,1.13455827613969,23,1.6294171785321752,0.2871084300847255,1.3423087484474496
Khris Middleton,2024,1.55808871196884,0.42353043582915,1.13455827613969,23,1.6294171785321752,0.2871084300847255,1.3423087484474496
Khris Middleton,2024,1.55808871196884,0.42353043582915,1.13455827613969,14,1.6294171785321752,0.2871084300847255,1.3423087484474496
Khris Middleton,2024,1.55808871196884,0.42353043582915,1.13455827613969,14,1.6294171785321752,0.2871084300847255,1.3423087484474496
Terry Rozier,2024,-0.18643115727668,2.01028907162738,-2.19672022890406,64,-0.9300262907897316,1.5158436809014808,-2.4458699716912125
Anthony Gill,2024,1.82080284772218,1.33110780014176,0.48969504758042,31,0.6078094760588884,0.7935613584866648,-0.1857518824277764
Oshae Brissett,2024,0.61994898387404,2.0974371672854804,-1.4774881834114404,6,1.0948819704774193,2.3864884097646897,-1.2916064392872704
DeMar DeRozan,2024,2.49317521225582,0.4466844955440099,2.04649071671181,77,1.6988871264530752,1.1503101415273915,0.5485769849256836
Grayson Allen,2024,-0.24323226590608,0.28546552871843,-0.52869779462451,64,-0.6903508485592252,1.2116890645169054,-1.9020399130761305
Max Christie,2024,-1.9992749889876,0.3578037435965699,-2.3570787325841698,32,-1.981537182068869,0.5787228277741977,-2.560260009843067
Max Christie,2024,-1.9992749889876,0.3578037435965699,-2.3570787325841698,32,-1.981537182068869,0.5787228277741977,-2.560260009843067
Max Christie,2024,-1.9992749889876,0.3578037435965699,-2.3570787325841698,44,-1.981537182068869,0.5787228277741977,-2.560260009843067
Max Christie,2024,-1.9992749889876,0.3578037435965699,-2.3570787325841698,44,-1.981537182068869,0.5787228277741977,-2.560260009843067
Jamal Cain,2024,-1.17206596534861,0.07356707039152,-1.2456330357401302,32,-1.0584155319319717,-0.0092972851149784,-1.0491182468169933
Jordan Hawkins,2024,0.13111442666809,2.52423603028734,-2.39312160361925,56,0.13111442666809,2.52423603028734,-2.39312160361925
Noah Clowney,2024,-2.27921459926445,0.74058342927769,-3.01979802854214,46,-2.27921459926445,0.74058342927769,-3.01979802854214
Wendell Moore Jr.,2024,-1.68175999613712,0.97315172922313,-2.6549117253602503,16,-1.6817599961371203,0.97315172922313,-2.6549117253602503
Wendell Moore Jr.,2024,-1.68175999613712,0.97315172922313,-2.6549117253602503,16,-1.6817599961371203,0.97315172922313,-2.6549117253602503
Wendell Moore Jr.,2024,-1.68175999613712,0.97315172922313,-2.6549117253602503,15,-1.6817599961371203,0.97315172922313,-2.6549117253602503
Wendell Moore Jr.,2024,-1.68175999613712,0.97315172922313,-2.6549117253602503,15,-1.6817599961371203,0.97315172922313,-2.6549117253602503
Hunter Tyson,2024,-1.10433229302842,0.04452483421341,-1.14885712724183,39,-1.10433229302842,0.04452483421341,-1.14885712724183
Taurean Prince,2024,-0.82778433048499,2.74907972986089,-3.57686406034588,80,-0.7575236549938126,1.5927420777355386,-2.3502657327293512
Herbert Jones,2024,0.97382013014583,-2.08499778013441,3.05881791028024,20,0.408550430620498,-1.4433539408948677,1.8519043715153658
Josh Hart,2024,1.33315191491951,-0.55405639202192,1.8872083069414305,77,0.9691006177633376,0.0764232620992174,0.8926773556641201
Ty Jerome,2024,-1.76509462119581,-0.16231118835212,-1.60278343284369,70,-2.160490350709325,0.0263975996867079,-2.186887950396033
Gui Santos,2024,-0.03875891000105,0.8620161981923,-0.90077510819335,47,-0.03875891000105,0.8620161981923,-0.90077510819335
Tre Jones,2024,1.7163578969652398,0.54125829888079,1.17509959808445,18,0.4556041874282028,1.0836837442705245,-0.6280795568423216
Tre Jones,2024,1.7163578969652398,0.54125829888079,1.17509959808445,18,0.4556041874282028,1.0836837442705245,-0.6280795568423216
Tre Jones,2024,1.7163578969652398,0.54125829888079,1.17509959808445,28,0.4556041874282028,1.0836837442705245,-0.6280795568423216
Tre Jones,2024,1.7163578969652398,0.54125829888079,1.17509959808445,28,0.4556041874282028,1.0836837442705245,-0.6280795568423216
Andrew Nembhard,2024,-0.56148460382997,0.73872183744679,-1.30020644127676,65,-0.3340088245953769,1.407049016000938,-1.7410578405963149
Caleb Houstan,2024,-0.25574354367055,1.50057000294482,-1.75631354661537,50,-0.4933958314921332,1.6095996180866912,-2.1029954495788243
Sandro Mamukelashvili,2024,-1.36697566246382,1.0966652940614698,-2.46364095652529,52,-1.490136686890284,1.7934787909034928,-3.2836154777937767
Jabari Walker,2024,-1.64388988677963,2.67659096932671,-4.32048085610634,48,-1.4570454190979447,1.9596068167825684,-3.4166522358805134
Pat Connaughton,2024,-1.4936618333963,1.81103549581395,-3.30469732921025,40,-0.3798602452534846,0.680658688619677,-1.0605189338731615
Duop Reath,2024,1.62202837244939,1.72315847023508,-0.1011300977856899,27,1.62202837244939,1.72315847023508,-0.10113009778568993
Cam Whitmore,2024,-0.42604388833975,0.4257475555158599,-0.85179144385561,45,-0.42604388833975,0.42574755551586,-0.85179144385561
Brandon Clarke,2024,-1.2530083647361598,-2.01617986643546,0.7631715016993001,64,-0.940119272461338,-0.9394357381538254,-0.0006835343075125566
Shake Milton,2024,-0.71818295517797,0.38152546019031,-1.09970841536828,25,0.1251359029149278,1.1730888545325446,-1.047952951617617
Shake Milton,2024,-0.71818295517797,0.38152546019031,-1.09970841536828,25,0.1251359029149278,1.1730888545325446,-1.047952951617617
Shake Milton,2024,-0.71818295517797,0.38152546019031,-1.09970841536828,25,0.1251359029149278,1.1730888545325446,-1.047952951617617
Shake Milton,2024,-0.71818295517797,0.38152546019031,-1.09970841536828,25,0.1251359029149278,1.1730888545325446,-1.047952951617617
Dante Exum,2024,2.49143791424403,-0.57281375076428,3.0642516650083103,20,1.2827046967117142,-0.2754967621641183,1.5582014588758324
Jeremiah Robinson-Earl,2024,-2.75083310740894,1.9669744906805904,-4.71780759808953,63,-2.55248730766732,1.6003175070242712,-4.152804814691591
Dominick Barlow,2024,0.28765067214543,2.85542678147926,-2.56777610933383,27,-0.3716644151210474,2.1214628850522037,-2.493127300173251
Darius Garland,2024,2.652082811784,-0.54435678587198,3.19643959765598,75,1.432474763960639,-0.4837597959413781,1.916234559902017
Aaron Holiday,2024,-0.45276454196394,-1.23804827770135,0.78528373573741,53,0.1773065831294676,-0.1989007728410619,0.37620735597052946
Jarred Vanderbilt,2024,-0.24291113416201,0.98032927730657,-1.22324041146858,36,-0.6164148198225969,0.1568824611563743,-0.7732972809789712
Jarace Walker,2024,0.60256247821317,0.1194319721906699,0.4831305060225,71,0.60256247821317,0.1194319721906699,0.4831305060225001
Collin Gillespie,2024,-0.48083043609576,0.85381204846618,-1.33464248456194,28,-0.48083043609576,0.85381204846618,-1.33464248456194
Jayson Tatum,2024,3.8865149230672498,-1.15880699496828,5.04532191803553,72,3.8139637794245305,-1.6531385802898309,5.467102359714361
Johnny Davis,2024,-4.08233214015427,1.90615136874726,-5.988483508901529,21,-3.6136069441070378,0.910545417909084,-4.524152362016122
Scottie Barnes,2024,-0.8253637353823401,0.2227911772242,-1.04815491260654,65,-0.9955120610523815,0.0176807022668459,-1.0131927633192275
Talen Horton-Tucker,2024,-1.41305543095107,0.49554477247038,-1.9086002034214504,51,-1.8416861648701697,0.3904207040364494,-2.232106868906619
Tyus Jones,2024,1.38140705607715,1.63033526392799,-0.2489282078508399,81,0.5805648472517173,0.5204363118150023,0.060128535436715036
Malcolm Brogdon,2024,0.17944635033524,0.43389742791858,-0.2544510775833399,24,0.3884614306601701,-0.0071186154913853,0.3955800461515554
Jrue Holiday,2024,3.94232848318328,-1.29709660800172,5.239425091185,62,3.368214132487364,-1.3769080921035026,4.745122224590866
Bradley Beal,2024,0.0452900812100299,0.59437598691008,-0.54908590570005,53,1.9231071074543935,1.4653130546192523,0.4577940528351412
Trayce Jackson-Davis,2024,-0.29699728647157,1.5840521042868798,-1.8810493907584496,53,-0.29699728647157,1.5840521042868798,-1.8810493907584498
Nick Smith Jr.,2024,-3.45804017352149,1.00044050096079,-4.45848067448228,56,-3.45804017352149,1.00044050096079,-4.45848067448228
Aaron Gordon,2024,2.17201551866799,-1.6495396664521,3.82155518512009,51,1.7021783962827903,-0.8605311313156282,2.5627095275984186
Jalen Pickett,2024,-1.22183125300092,0.11308425994631,-1.33491551294723,43,-1.22183125300092,0.11308425994631,-1.33491551294723
Reggie Jackson,2024,-2.72224362180844,-0.85724550208124,-1.8649981197272,31,0.3821066265727715,-0.3070734891741687,0.6891801157469402
A.J. Lawson,2024,-1.90952633364242,-0.2144747706162499,-1.69505156302617,23,-1.7288236984542849,0.474439469024878,-2.2032631674791627
Jock Landale,2024,2.02931819845215,-1.14040234223605,3.1697205406882,33,0.874542487704584,-0.4119901939004105,1.2865326816049945
Payton Pritchard,2024,2.1506534181328902,0.55727523757561,1.5933781805572802,80,1.2826857235819034,1.2171469368281704,0.06553878675373292
Keegan Murray,2024,1.88460841742772,0.7905513402642,1.09405707716352,76,2.320429032543657,1.3670786500903849,0.9533503824532721
Killian Hayes,2024,-3.51695895646498,1.50732206587798,-5.02428102234296,6,-3.760375571591391,1.451908654920746,-5.212284226512137
Nicolas Batum,2024,0.37561804509936,-0.12157635430603,0.49719439940539,78,0.6311410414087886,0.2001173101959111,0.43102373121287746
Anthony Black,2024,-1.88176517934543,-0.76581192231164,-1.11595325703379,78,-1.88176517934543,-0.76581192231164,-1.11595325703379
Gary Payton II,2024,2.10429473960006,-1.41414763500528,3.51844237460534,62,1.0110306567956904,-0.9308760805299328,1.9419067373256231
Bennedict Mathurin,2024,-1.38791501491559,2.5125301063664,-3.90044512128199,72,-0.9823910891738816,2.070760408060833,-3.0531514972347145
Mike Conley,2024,1.28601694802239,0.01911031663513,1.26690663138726,71,1.7406484882617654,-0.5749487195834396,2.315597207845205
John Collins,2024,-1.08904365684156,1.7296774408518598,-2.81872109769342,40,-0.3785054399726087,0.6473212904802856,-1.0258267304528943
Tyrese Maxey,2024,2.0853153773001,0.66853525208938,1.4167801252107202,52,0.5115721374017662,1.144394969846053,-0.6328228324442867
Jabari Smith Jr.,2024,-0.71667849581967,1.8177177586817896,-2.53439625450146,57,-0.6480961979315609,1.7516572701200852,-2.399753468051646
Davion Mitchell,2024,-2.4839253149874,-0.52857294957622,-1.95535236541118,44,-2.69571957978426,-0.3226795588736936,-2.3730400209105666
Davion Mitchell,2024,-2.4839253149874,-0.52857294957622,-1.95535236541118,44,-2.69571957978426,-0.3226795588736936,-2.3730400209105666
Davion Mitchell,2024,-2.4839253149874,-0.52857294957622,-1.95535236541118,30,-2.69571957978426,-0.3226795588736936,-2.3730400209105666
Davion Mitchell,2024,-2.4839253149874,-0.52857294957622,-1.95535236541118,30,-2.69571957978426,-0.3226795588736936,-2.3730400209105666
Bol Bol,2024,-0.7280567694978199,0.47727063275941,-1.20532740225723,27,-0.4973026678082643,1.2104802416113605,-1.7077829094196249
Tari Eason,2024,0.19507276810961,-1.32229593171156,1.5173686998211702,57,0.1011809745749399,-1.194784524723663,1.295965499298603
Paul George,2024,3.84418546838374,-2.41041282707396,6.254598295457701,41,2.8503868839118947,-2.8544548580766147,5.70484174198851
Miles McBride,2024,-0.72287746168412,-0.28638241705465,-0.43649504462947,64,0.4388999998436566,-0.4501710843368891,0.8890710841805457
Cole Swider,2024,-0.41407961299655,1.01865847320687,-1.43273808620342,8,-0.41407961299655,1.01865847320687,-1.43273808620342
Jordan Walsh,2024,-1.13603208255622,-0.6123447090008,-0.52368737355542,37,-1.13603208255622,-0.6123447090008,-0.52368737355542
Jalen Brunson,2024,4.29160887204726,0.52893786423468,3.76267100781258,65,2.497678771843472,0.4883558161140389,2.009322955729433
Mouhamed Gueye,2024,-1.87795197205292,0.76316265274828,-2.6411146248012,32,-1.87795197205292,0.76316265274828,-2.6411146248012
Cameron Johnson,2024,-0.1679031109721599,-0.0499586891255,-0.1179444218466599,57,-0.1944977589106588,-0.128256340712364,-0.0662414181982948
Harrison Barnes,2024,-0.2211693012320199,2.15905755581616,-2.38022685704818,82,-0.1254872337396412,1.1220646973387989,-1.2475519310784402
Brandin Podziemski,2024,2.39121066915198,0.10736670432458,2.2838439648274,64,2.39121066915198,0.10736670432458,2.2838439648274003
Luka Doncic,2024,2.65054533060044,-0.36169627884986,3.0122416094503,28,2.602354501754535,1.2396214437342592,1.3627330580202757
Luka Doncic,2024,2.65054533060044,-0.36169627884986,3.0122416094503,28,2.602354501754535,1.2396214437342592,1.3627330580202757
Luka Doncic,2024,2.65054533060044,-0.36169627884986,3.0122416094503,22,2.602354501754535,1.2396214437342592,1.3627330580202757
Luka Doncic,2024,2.65054533060044,-0.36169627884986,3.0122416094503,22,2.602354501754535,1.2396214437342592,1.3627330580202757
Goga Bitadze,2024,1.88746232123625,0.23912832972057,1.64833399151568,69,0.904681775696649,0.3537178282649547,0.5509639474316943
Malik Beasley,2024,-1.15840446366422,1.06612251306927,-2.22452697673349,82,-0.2635108862416439,1.081977686085149,-1.345488572326793
Anfernee Simons,2024,1.24951894833586,2.42993539585831,-1.18041644752245,70,0.6464164913824242,2.6075958310029974,-1.9611793396205732
Onyeka Okongwu,2024,1.1532810237828,0.6511918020866301,0.5020892216961699,74,0.1699689526342658,0.3832859310205507,-0.21331697838628488
Seth Curry,2024,-0.95292629911405,0.7889566280668701,-1.74188292718092,68,0.7128111635951213,0.7154178897520372,-0.0026067261569159283
James Harden,2024,2.78961402990319,1.88091334640734,0.90870068349585,79,3.918956301340118,1.495861389951776,2.4230949113883415
Jordan Clarkson,2024,1.14887200344268,1.27479099541637,-0.1259189919736898,37,1.1846257976817178,1.8841832385091035,-0.6995574408273857
Jamal Murray,2024,1.65445791348322,1.61941041990836,0.0350474935748599,67,1.9735688469292705,1.1567117234404618,0.8168571234888087
Cason Wallace,2024,-0.77314108797542,-0.8784367035970501,0.10529561562163,68,-0.77314108797542,-0.8784367035970501,0.10529561562163003
Zach LaVine,2024,0.34738015953614,-0.18138108325989,0.52876124279603,32,0.7834176199260595,1.4982757410492002,-0.7148581211231407
Zach LaVine,2024,0.34738015953614,-0.18138108325989,0.52876124279603,32,0.7834176199260595,1.4982757410492002,-0.7148581211231407
Zach LaVine,2024,0.34738015953614,-0.18138108325989,0.52876124279603,42,0.7834176199260595,1.4982757410492002,-0.7148581211231407
Zach LaVine,2024,0.34738015953614,-0.18138108325989,0.52876124279603,42,0.7834176199260595,1.4982757410492002,-0.7148581211231407
Scoot Henderson,2024,-2.02778645384059,3.417475414133,-5.44526186797359,66,-2.02778645384059,3.417475414133,-5.44526186797359
Kyle Anderson,2024,-1.50657353105191,-0.6118632199778701,-0.8947103110740399,25,-1.4868824486757255,-0.9057075181371887,-0.5811749305385367
Kyle Anderson,2024,-1.50657353105191,-0.6118632199778701,-0.8947103110740399,25,-1.4868824486757255,-0.9057075181371887,-0.5811749305385367
Kyle Anderson,2024,-1.50657353105191,-0.6118632199778701,-0.8947103110740399,35,-1.4868824486757255,-0.9057075181371887,-0.5811749305385367
Kyle Anderson,2024,-1.50657353105191,-0.6118632199778701,-0.8947103110740399,35,-1.4868824486757255,-0.9057075181371887,-0.5811749305385367
John Konchar,2024,0.03794804735465,-0.92586254219095,0.9638105895456,36,0.8783952632783795,-0.3639001887897412,1.2422954520681206
Coby White,2024,2.16088842273003,2.00599858534358,0.1548898373864498,74,0.6487804741118207,1.419253926293807,-0.7704734521819864
Luke Kennard,2024,1.19123813877793,-0.32546381427849,1.51670195305642,65,1.2519050554354758,0.8001927722673008,0.451712283168175
Julian Strawther,2024,-0.91496078791048,2.09850021117598,-3.01346099908646,63,-0.91496078791048,2.09850021117598,-3.01346099908646
Kelly Olynyk,2024,0.70016544801932,2.21512531335451,-1.51495986533519,24,1.3419343378926871,1.4530085847946344,-0.11107424690194723
Kelly Olynyk,2024,0.70016544801932,2.21512531335451,-1.51495986533519,24,1.3419343378926871,1.4530085847946344,-0.11107424690194723
Kelly Olynyk,2024,0.70016544801932,2.21512531335451,-1.51495986533519,20,1.3419343378926871,1.4530085847946344,-0.11107424690194723
Kelly Olynyk,2024,0.70016544801932,2.21512531335451,-1.51495986533519,20,1.3419343378926871,1.4530085847946344,-0.11107424690194723
Cole Anthony,2024,0.3335314321368,0.90912580251452,-0.57559437037772,66,-0.0639829065993203,1.6236952901038966,-1.6876781967032168
Al Horford,2024,1.0797309859865,-1.00093004459166,2.08066103057816,60,0.6142455310024287,-1.3439681397986705,1.9582136708010993
Josh Richardson,2024,-0.61666003707752,1.2325281404997102,-1.84918817757723,8,-0.0262222563843529,1.1653781619544608,-1.1916004183388136
Ryan Rollins,2024,-1.24056401765322,0.48299049191781,-1.72355450957103,50,-1.24056401765322,0.48299049191781,-1.72355450957103
Keon Johnson,2024,-2.5194961291803804,5.11522031725059,-7.63471644643097,79,-2.5120985020898883,4.725918718787009,-7.2380172208768965
Kris Dunn,2024,2.13308446014554,2.12661518116391,0.0064692789816303,74,0.5142191853471586,1.6551894514134318,-1.1409702660662733
Norman Powell,2024,-0.8627709542159301,2.7258088425956903,-3.5885797968116204,60,-1.0508385688469248,1.9453373001599263,-2.9961758690068514
Kristaps Porzingis,2024,0.8588685620116899,-0.41338552045378,1.27225408246547,42,0.93745248615632,0.3175995516237035,0.6198529345326165
Xavier Tillman,2024,-2.15845383934893,-0.38390102486529,-1.77455281448364,23,-1.697931420609741,0.4116755952923047,-2.1096070159020455
Brook Lopez,2024,-1.23460958000665,-1.8256769582803,0.5910673782736497,80,-0.4906308718241445,-1.224564339207736,0.7339334673835916
Devin Booker,2024,4.72641271890467,1.1234241623331,3.60298855657157,75,3.9791490747563913,1.484169276380681,2.4949797983757103
Dwight Powell,2024,1.04956513168542,0.54177859883477,0.50778653285065,45,0.8759907032096976,0.248859736407937,0.6271309668017606
Kevon Looney,2024,2.43052215982333,-0.56616247068467,2.996684630508,75,1.731479838721265,-0.1421050648465983,1.8735849035678633
Devin Vassell,2024,-1.72329868116326,0.27387289625647,-1.99717157741973,64,-1.5514829335590947,0.4627328413748156,-2.0142157749339105
Royce O'Neale,2024,-0.48183084137993,-1.12677045597703,0.6449396145971,75,-0.1623321148826593,-0.8832160627291572,0.7208839478464979
Olivier-Maxence Prosper,2024,-2.25792476806147,0.6325442256025999,-2.89046899366407,48,-2.25792476806147,0.6325442256025999,-2.89046899366407
Bobby Portis,2024,1.14616310112128,1.35528485496539,-0.2091217538441099,49,0.728377529109435,1.2262416088916754,-0.49786407978224045
Jordan Poole,2024,-1.01001868783648,0.43827384983754,-1.44829253767402,68,-0.8266213994473269,0.006277058840739,-0.832898458288066
Lester Quinones,2024,-0.77254343215331,-0.51702534670323,-0.25551808545008,8,-0.6076507888727579,0.0299884595079459,-0.6376392483807038
Johnny Juzang,2024,-0.90097435579017,1.13327324134162,-2.03424759713179,64,-1.130218104327488,1.1345826571452855,-2.2648007614727734
Ivica Zubac,2024,-1.6742953538973,0.61931233145849,-2.29360768535579,80,-1.6552179692964553,-0.0255655152282362,-1.6296524540682191
Stephen Curry,2024,4.33332331446573,-0.46681077194054,4.80013408640627,70,5.079237476401485,-0.6234868182971928,5.702724294698678
Jared Butler,2024,-0.76213959704923,1.17337806998151,-1.93551766703074,28,-0.4571343561840888,1.122791843468325,-1.5799261996524139
Jared Butler,2024,-0.76213959704923,1.17337806998151,-1.93551766703074,28,-0.4571343561840888,1.122791843468325,-1.5799261996524139
Jared Butler,2024,-0.76213959704923,1.17337806998151,-1.93551766703074,29,-0.4571343561840888,1.122791843468325,-1.5799261996524139
Jared Butler,2024,-0.76213959704923,1.17337806998151,-1.93551766703074,29,-0.4571343561840888,1.122791843468325,-1.5799261996524139
Jaden McDaniels,2024,-0.03445525142538,0.09357993772626,-0.12803518915164,82,-0.4915100237554956,-0.0902035769961284,-0.40130644675936716
Andrew Wiggins,2024,-0.9282361096611,-0.75118392147911,-0.1770521881819901,17,-0.7919235569508684,-0.3189555217463431,-0.47296803520452524
Andrew Wiggins,2024,-0.9282361096611,-0.75118392147911,-0.1770521881819901,17,-0.7919235569508684,-0.3189555217463431,-0.47296803520452524
Andrew Wiggins,2024,-0.9282361096611,-0.75118392147911,-0.1770521881819901,43,-0.7919235569508684,-0.3189555217463431,-0.47296803520452524
Andrew Wiggins,2024,-0.9282361096611,-0.75118392147911,-0.1770521881819901,43,-0.7919235569508684,-0.3189555217463431,-0.47296803520452524
Jalen Williams,2024,0.77344795671608,-0.32109894093978,1.09454689765586,69,0.5410226828836376,0.17189951979304,0.3691231630905977
Tyrese Haliburton,2024,2.99028592993263,1.6394605975945502,1.35082533233808,73,1.2014129144751624,2.2057399092666525,-1.0043269947914901
Isaiah Stewart,2024,-1.95485397098477,-0.57018355702798,-1.38467041395679,72,-1.629449930879596,-0.6340309149826091,-0.9954190158969869
Julian Champagnie,2024,-0.28823057743585,1.55634504264331,-1.84457562007916,82,-0.5600502136679512,1.6899279148778166,-2.249978128545768
Walker Kessler,2024,-0.01683585555342,-0.05986808011933,0.04303222456591,58,0.6456882117738925,-0.0988208186208544,0.7445090303947468
Keon Ellis,2024,-0.4419795002803099,-1.79934728849481,1.3573677882145,79,-0.7524511365016353,-0.6225155665282341,-0.12993556997340117
Josh Okogie,2024,-1.08554583342563,-1.37974140388492,0.29419557045929,15,-1.1363251160997891,-0.74442386542867,-0.39190125067111914
Josh Okogie,2024,-1.08554583342563,-1.37974140388492,0.29419557045929,15,-1.1363251160997891,-0.74442386542867,-0.39190125067111914
Josh Okogie,2024,-1.08554583342563,-1.37974140388492,0.29419557045929,24,-1.1363251160997891,-0.74442386542867,-0.39190125067111914
Josh Okogie,2024,-1.08554583342563,-1.37974140388492,0.29419557045929,24,-1.1363251160997891,-0.74442386542867,-0.39190125067111914
Jordan Goodwin,2024,-1.5861566512747,0.0099583320274444,-1.5961149833021444,29,-1.067923895671696,0.6957338079874379,-1.7636577036591339
Deni Avdija,2024,0.2808297962353,-0.3394770549215,0.6203068511568,72,-0.1551866531823316,-0.5039975844399164,0.3488109312575848
Derrick Jones Jr.,2024,-0.99334554964878,-1.61968438524096,0.62633883559218,77,-1.241989771699479,-0.4805254538103076,-0.7614643178891713
Jonathan Kuminga,2024,-0.8037124349977001,1.57470472995835,-2.3784171649560504,47,-0.9617909358496796,1.6660802978961713,-2.627871233745851
Ben Simmons,2024,0.32187862048598,0.39645522063291,-0.07457660014693,33,0.5192356230248142,0.0811230816912399,0.4381125413335743
Ben Simmons,2024,0.32187862048598,0.39645522063291,-0.07457660014693,33,0.5192356230248142,0.0811230816912399,0.4381125413335743
Ben Simmons,2024,0.32187862048598,0.39645522063291,-0.07457660014693,18,0.5192356230248142,0.0811230816912399,0.4381125413335743
Ben Simmons,2024,0.32187862048598,0.39645522063291,-0.07457660014693,18,0.5192356230248142,0.0811230816912399,0.4381125413335743
Nikola Jokic,2024,6.98181956544017,-2.2835363412234098,9.26535590666358,70,5.440455154329464,-0.9945108663956184,6.434966020725082
Bismack Biyombo,2024,0.10265281559056,0.06965009692663,0.0330027186639299,27,-2.418614007234473,0.4872399088331817,-2.9058539160676546
Amir Coffey,2024,0.2955246090336,2.1717482134015,-1.8762236043679,72,-1.121698387440592,0.559787780775083,-1.6814861682156748
Lamar Stevens,2024,-0.31817610100616,0.92499660028243,-1.24317270128859,15,-0.7370244990986432,1.659258266095747,-2.39628276519439
Doug McDermott,2024,-0.07163684418894,4.34252490180574,-4.41416174599468,29,-0.0231465727926019,2.312577154528777,-2.335723727321379
Chuma Okeke,2024,-5.51300623482826,0.93407569784907,-6.44708193267733,7,-3.141486000556254,0.1383472852171456,-3.2798332857733996
Jalen Smith,2024,0.83283228800849,1.40922161454373,-0.57638932653524,64,0.4988146351869341,1.0331242092043162,-0.5343095740173822
Jay Huff,2024,-0.38912734008368,0.84894124949575,-1.23806858957943,59,-0.38912734008368,0.84894124949575,-1.23806858957943
Monte Morris,2024,2.65322808886046,0.74151512242978,1.91171296643068,38,1.3928773085458273,0.5621016037306014,0.8307757048152259
Julian Phillips,2024,-0.30577685505086,0.93806037324934,-1.2438372283002,78,-0.30577685505086,0.93806037324934,-1.2438372283002
Brice Sensabaugh,2024,-0.44470956397616,3.90333245777206,-4.3480420217482205,70,-0.44470956397616,3.90333245777206,-4.3480420217482205
Alperen Sengun,2024,0.99872443631739,1.49636226013431,-0.4976378238169201,76,0.6424641217150672,1.7700572332932385,-1.1275931115781712
Gradey Dick,2024,-3.1009543617886,2.90054041502445,-6.00149477681305,54,-3.1009543617886,2.90054041502445,-6.00149477681305
Quentin Grimes,2024,-1.39742329312712,-0.15591330522269,-1.24150998790443,28,-1.0393235587174494,0.3185725575806812,-1.3578961162981307
Quentin Grimes,2024,-1.39742329312712,-0.15591330522269,-1.24150998790443,28,-1.0393235587174494,0.3185725575806812,-1.3578961162981307
Quentin Grimes,2024,-1.39742329312712,-0.15591330522269,-1.24150998790443,47,-1.0393235587174494,0.3185725575806812,-1.3578961162981307
Quentin Grimes,2024,-1.39742329312712,-0.15591330522269,-1.24150998790443,47,-1.0393235587174494,0.3185725575806812,-1.3578961162981307
Tim Hardaway Jr.,2024,-0.15229075736463,1.09219844131514,-1.24448919867977,77,0.1308085645989529,0.927849623941081,-0.797041059342128
Tristan Vukcevic,2024,-0.69494439671004,-0.94131317651575,0.2463687798057099,28,-0.69494439671004,-0.94131317651575,0.24636877980570993
Patty Mills,2024,-1.17079069935283,0.98256260144612,-2.1533533007989503,17,0.8296170043799954,-0.3108765017699262,1.1404935061499217
Trendon Watford,2024,-1.51209842091542,3.01769499003179,-4.52979341094721,43,-1.9899671392771745,2.955115583420405,-4.945082722697579
Mason Plumlee,2024,-0.26108790160335,0.28644230711698,-0.54753020872033,72,0.0505231894248706,0.3549257675731904,-0.3044025781483198
Sam Merrill,2024,-0.75471884416121,0.59412314539524,-1.34884198955645,70,-1.338842528775413,0.5109427301520656,-1.8497852589274788
Ja Morant,2024,1.76576263112345,0.141204319828,1.62455831129545,50,1.8484457773832608,0.6066950836298778,1.2417506937533829
Aaron Nesmith,2024,0.6924112946996,1.55898864307884,-0.8665773483792399,45,-0.4292082190351827,1.0723582123403388,-1.5015664313755215
Isaiah Hartenstein,2024,2.58227562711263,-0.46716162975182,3.04943725686445,57,1.5481859991080615,-0.5415303684715032,2.0897163675795647
Draymond Green,2024,0.56038598119551,-4.34680450466282,4.9071904858583295,68,0.8392171827614061,-3.411146780630163,4.250363963391569
Trae Young,2024,1.77913462794645,2.68488199711679,-0.90574736917034,76,3.4749361637493776,3.6455622991295846,-0.170626135380207
Jonas Valanciunas,2024,1.0388105181766198,1.54703455446671,-0.50822403629009,49,0.7736646048112583,1.1914563623695678,-0.41779175755830944
Jonas Valanciunas,2024,1.0388105181766198,1.54703455446671,-0.50822403629009,49,0.7736646048112583,1.1914563623695678,-0.41779175755830944
Jonas Valanciunas,2024,1.0388105181766198,1.54703455446671,-0.50822403629009,32,0.7736646048112583,1.1914563623695678,-0.41779175755830944
Jonas Valanciunas,2024,1.0388105181766198,1.54703455446671,-0.50822403629009,32,0.7736646048112583,1.1914563623695678,-0.41779175755830944
Vince Williams Jr.,2024,-1.21787254460063,-0.3143020771236799,-0.90357046747695,27,-1.4872204711269348,0.1907705286685692,-1.677990999795504
Jeff Green,2024,-1.46944166154704,1.88206024917637,-3.3515019107234103,27,-0.9439138046548368,0.8094992586502965,-1.7534130633051332
Mikal Bridges,2024,1.66976186490322,-0.8062007219352799,2.4759625868385,82,1.484147057656855,-0.8376133916235836,2.3217604492804385
Precious Achiuwa,2024,-1.37012499493704,0.23422385420746,-1.6043488491445,57,-1.604237057134079,-0.0700351032107474,-1.5342019539233316
Duncan Robinson,2024,-0.04632900405133,1.04006540017714,-1.08639440422847,74,0.3977051330797083,0.5803381608602839,-0.1826330277805756
Giannis Antetokounmpo,2024,3.7486935616906,-2.19097056807701,5.93966412976761,67,2.4169141830541805,-2.6929955720558403,5.109909755110021
Tosan Evbuomwan,2024,-1.5322407552036,1.54581066936693,-3.07805142457053,28,-1.5322407552036,1.54581066936693,-3.07805142457053
Josh Giddey,2024,-1.14764403009818,1.7252136946814398,-2.87285772477962,70,-1.9193008699398395,1.195258553044062,-3.1145594229839015
Eric Gordon,2024,0.38044321834625,1.14677572270282,-0.7663325043565701,39,0.22050365109682,0.9199059221445172,-0.6994022710476971
Dillon Brooks,2024,-0.04330215533653,-2.59229788572905,2.54899573039252,75,0.4449878883449387,-1.7456447696367146,2.190632657981653
Blake Wesley,2024,-3.0793894056404403,1.09836804037082,-4.1777574460112605,45,-2.7673638623899173,1.5036137867071973,-4.270977649097114
Kyle Kuzma,2024,-1.50764927627884,1.39945217280729,-2.90710144908613,33,-1.7622879569653755,0.6207881182283854,-2.383076075193761
Kyle Kuzma,2024,-1.50764927627884,1.39945217280729,-2.90710144908613,33,-1.7622879569653755,0.6207881182283854,-2.383076075193761
Kyle Kuzma,2024,-1.50764927627884,1.39945217280729,-2.90710144908613,32,-1.7622879569653755,0.6207881182283854,-2.383076075193761
Kyle Kuzma,2024,-1.50764927627884,1.39945217280729,-2.90710144908613,32,-1.7622879569653755,0.6207881182283854,-2.383076075193761
Nikola Vucevic,2024,-0.60506471535061,1.49107239147247,-2.09613710682308,73,-0.6439719368213573,0.3544076951764958,-0.9983796319978531
Landry Shamet,2024,-1.59569885074978,-0.67060895909175,-0.92508989165803,49,-0.6089954261837657,-0.1540222463307579,-0.4549731798530078
Micah Potter,2024,-1.83196331389444,1.30185922777372,-3.13382254166816,37,-1.8691346819536288,1.0970605877230146,-2.9661952696766436
Charles Bassey,2024,-1.11850250549755,0.54398928899439,-1.66249179449194,28,-1.0387403826682668,0.452198095827142,-1.490938478495409
Damian Lillard,2024,5.0038841182055,1.02783838754695,3.9760457306585497,58,4.904781408073804,1.3911650035269776,3.513616404546826
Donte DiVincenzo,2024,-0.29332427532813,1.8438154777261704,-2.1371397530543,62,0.6033802709788202,0.6205748704748164,-0.01719459949599622
Ziaire Williams,2024,-1.55430513115587,1.49126641556397,-3.04557154671984,63,-0.7129523493252266,0.9899273066926396,-1.702879656017866
Dean Wade,2024,-1.5991575072508,-4.08078909880164,2.48163159155084,59,-2.034364083034756,-2.1236140285362715,0.08924994550151544
Luguentz Dort,2024,-0.17860136011087,-0.38121395570753,0.2026125955966599,71,-0.2435794041425566,-0.644433126442563,0.4008537223000064
Jose Alvarado,2024,1.05859292890702,-2.75836737464981,3.8169603035568302,56,0.8610739592522169,-2.3009057864418097,3.1619797456940266
Daniel Gafford,2024,-0.26703443437385,1.27421211869255,-1.5412465530664,57,-0.0696960376466184,1.0551403927415055,-1.124836430388124
Jonathan Isaac,2024,0.25689498628838,-3.74622441848945,4.00311940477783,71,-0.3720330701888932,-1.998798875635215,1.6267658054463219
Haywood Highsmith,2024,-2.80908978773651,0.503119862279,-3.31220965001551,73,-2.285516063653523,1.0276300044107656,-3.313146068064288
Kessler Edwards,2024,-0.23463763585224,1.8825599196049096,-2.11719755545715,34,0.037564455352561,2.233144321962394,-2.1955798666098327
Bruno Fernando,2024,-2.27226258002956,1.1275151888678,-3.39977776889736,16,-1.650791424832256,0.5259323171038619,-2.176723741936118
Trey Murphy III,2024,-0.9004267986615401,0.74267292674786,-1.6430997254094,53,-0.426106785770863,0.9321796193774744,-1.3582864051483374
Victor Wembanyama,2024,-1.6019358353290498,-3.02605169347244,1.4241158581433904,46,-1.6019358353290498,-3.02605169347244,1.4241158581433904
Jevon Carter,2024,-1.15400027080276,-1.1939321920957802,0.03993192129302,21,-0.9279036131680156,-0.1858566792913979,-0.7420469338766177
Jalen Green,2024,-1.1001780959781902,3.30823443060424,-4.40841252658243,82,-1.7720396391120523,2.6947276616507736,-4.466767300762826
Jalen Hood-Schifino,2024,-1.71462589645025,0.48081886634708,-2.19544476279733,13,-1.71462589645025,0.48081886634708,-2.19544476279733
Shaedon Sharpe,2024,-0.99222427297713,3.0102597722373297,-4.00248404521446,72,-0.7349088192780446,3.1792264003896773,-3.914135219667722
Brandon Miller,2024,-1.56920372757445,3.1125885529222503,-4.6817922804967,27,-1.56920372757445,3.1125885529222503,-4.6817922804967
Kris Murray,2024,-1.47781321243512,0.0536244776359,-1.53143769007102,65,-1.47781321243512,0.0536244776359,-1.53143769007102
Ben Sheppard,2024,2.30160979972474,-0.0018626197558904,2.3034724194806304,63,2.30160979972474,-0.0018626197558904,2.30347241948063
Zeke Nnaji,2024,-2.14201756726029,-0.21953802935431,-1.92247953790598,44,-2.036123560354895,-0.0421007199326004,-1.9940228404222944
DeAndre Jordan,2024,-3.65941493922335,1.91566928304236,-5.57508422226571,56,-2.057258806518341,1.1345813030684084,-3.1918401095867495
JT Thor,2024,-1.30781451850982,0.19223314290353,-1.50004766141335,10,-0.4470694666361944,0.5498939201651698,-0.9969633868013642
Donovan Mitchell,2024,3.11045166636874,-0.37119578793662,3.48164745430536,71,2.534890866657177,0.9472026992255436,1.5876881674316334
Gary Harris,2024,0.4139841154899399,1.35326529470901,-0.93928117921907,48,-0.6696450212973798,0.5163216706971671,-1.1859666919945469
OG Anunoby,2024,0.0098483041360097,-2.32960279401046,2.3394510981464696,74,-0.1497239832714711,-1.307219074322176,1.157495091050705
Gabe Vincent,2024,-0.0517282058227,-1.05658099095238,1.00485278512968,72,-0.7211112375119375,-0.3977761445569994,-0.3233350929549381
Maxwell Lewis,2024,-1.94065124265453,0.15003172292057,-2.0906829655751,19,-1.9406512426545297,0.15003172292057,-2.0906829655750996
Marcus Sasser,2024,-1.63544933212835,2.51893222647714,-4.15438155860549,51,-1.63544933212835,2.51893222647714,-4.15438155860549
Terance Mann,2024,1.01670870638376,0.18361120972055,0.8330974966632101,37,0.9247620632825452,-0.4187425939884966,1.3435046572710418
Terance Mann,2024,1.01670870638376,0.18361120972055,0.8330974966632101,37,0.9247620632825452,-0.4187425939884966,1.3435046572710418
Terance Mann,2024,1.01670870638376,0.18361120972055,0.8330974966632101,30,0.9247620632825452,-0.4187425939884966,1.3435046572710418
Terance Mann,2024,1.01670870638376,0.18361120972055,0.8330974966632101,30,0.9247620632825452,-0.4187425939884966,1.3435046572710418
Drew Eubanks,2024,-2.1966347105562103,1.622823221433,-3.81945793198921,37,-2.2577350275734585,1.4464631946707096,-3.704198222244168
Drew Eubanks,2024,-2.1966347105562103,1.622823221433,-3.81945793198921,37,-2.2577350275734585,1.4464631946707096,-3.704198222244168
Drew Eubanks,2024,-2.1966347105562103,1.622823221433,-3.81945793198921,19,-2.2577350275734585,1.4464631946707096,-3.704198222244168
Drew Eubanks,2024,-2.1966347105562103,1.622823221433,-3.81945793198921,19,-2.2577350275734585,1.4464631946707096,-3.704198222244168
Luka Garza,2024,0.27083113436105,1.86679646568691,-1.5959653313258602,19,-0.1460781034191623,1.734852441019274,-1.8809305444384363
Jaylin Williams,2024,-0.40174800083575,0.93073766234764,-1.33248566318339,47,-0.5359510209781112,1.197571621425208,-1.7335226424033192
Cameron Payne,2024,-0.7637497353493801,-0.9313786185397,0.16762888319032,72,0.6011024799409863,-1.002360949118246,1.6034634290592322
Paolo Banchero,2024,0.3142032954332,2.11675805378887,-1.80255475835567,46,0.9392882252997792,2.200870757419611,-1.261582532119832
Malik Monk,2024,0.68619570629551,1.42865483996414,-0.7424591336686299,65,0.0643821914303712,1.6211362466407209,-1.5567540552103496
Moritz Wagner,2024,0.58933019838766,0.21022271015418,0.3791074882334799,30,-0.987299910582543,0.922857502167597,-1.91015741275014
Chris Boucher,2024,0.65866069823659,-1.38367622423011,2.0423369224667,50,0.9885142666242388,-0.4257371060040919,1.4142513726283308
Kentavious Caldwell-Pope,2024,-0.01989541420674,0.26579274766821,-0.28568816187495,77,0.200180575658606,0.4921780030697088,-0.2919974274111028
Jared Rhoden,2024,0.4097233409488999,0.33218223376396,0.0775411071849399,9,0.5109995143924477,-0.0126195287885905,0.5236190431810382
Luke Kornet,2024,1.53286802021373,0.7796608833209,0.7532071368928301,73,0.0354002338282569,0.1707119188407414,-0.13531168501248453
AJ Green,2024,0.30291231214399,0.76302068486096,-0.4601083727169699,73,0.155252861441207,1.1507495323691372,-0.9954966709279303
Delon Wright,2024,1.57790706253247,-2.51297948565994,4.09088654819241,10,0.9465961434915304,-1.3243902726260794,2.27098641611761
Delon Wright,2024,1.57790706253247,-2.51297948565994,4.09088654819241,10,0.9465961434915304,-1.3243902726260794,2.27098641611761
Delon Wright,2024,1.57790706253247,-2.51297948565994,4.09088654819241,25,0.9465961434915304,-1.3243902726260794,2.27098641611761
Delon Wright,2024,1.57790706253247,-2.51297948565994,4.09088654819241,25,0.9465961434915304,-1.3243902726260794,2.27098641611761
Cory Joseph,2024,-0.41818805175573,0.23744327496557,-0.6556313267213,40,-0.7513254677024865,0.1193990127508813,-0.8707244804533678
Spencer Dinwiddie,2024,1.24831452201236,0.95971353992078,0.2886009820915799,78,-0.0021736749396541,0.5929854003231589,-0.5951590752628131
Bogdan Bogdanovic,2024,3.4312857631187703,-0.26179011808906,3.69307588120783,30,2.1203564701418838,0.0754745861712929,2.0448818839705907
Bogdan Bogdanovic,2024,3.4312857631187703,-0.26179011808906,3.69307588120783,30,2.1203564701418838,0.0754745861712929,2.0448818839705907
Bogdan Bogdanovic,2024,3.4312857631187703,-0.26179011808906,3.69307588120783,24,2.1203564701418838,0.0754745861712929,2.0448818839705907
Bogdan Bogdanovic,2024,3.4312857631187703,-0.26179011808906,3.69307588120783,24,2.1203564701418838,0.0754745861712929,2.0448818839705907
Jaime Jaquez Jr.,2024,0.80129206906144,-0.34104591320078,1.14233798226222,64,0.80129206906144,-0.34104591320078,1.14233798226222
Cody Martin,2024,0.21272797058506,0.7897841251978399,-0.5770561546127799,14,0.3598478797254806,0.6110890313556319,-0.25124115163015126
Cody Martin,2024,0.21272797058506,0.7897841251978399,-0.5770561546127799,14,0.3598478797254806,0.6110890313556319,-0.25124115163015126
Cody Martin,2024,0.21272797058506,0.7897841251978399,-0.5770561546127799,39,0.3598478797254806,0.6110890313556319,-0.25124115163015126
Cody Martin,2024,0.21272797058506,0.7897841251978399,-0.5770561546127799,39,0.3598478797254806,0.6110890313556319,-0.25124115163015126
Rudy Gobert,2024,-0.38039727452978,-2.82320369622095,2.44280642169117,72,-0.1090681581334269,-3.558565592855776,3.449497434722349
Kawhi Leonard,2024,3.14830635361612,-2.08840159875415,5.23670795237027,37,4.101974224967392,-1.628475505537469,5.73044973050486
Alex Caruso,2024,-1.44467843621973,-3.79916867503091,2.35449023881118,54,-0.4839599510736893,-4.343660793244689,3.859700842171
Neemias Queta,2024,0.0654035700048,0.84635555503267,-0.78095198502787,53,-0.3239992259611853,0.8443865052252664,-1.1683857311864516
Jerami Grant,2024,-1.95073989649357,0.65303169487071,-2.6037715913642803,47,-1.6717502082213087,0.4668260210145959,-2.1385762292359045
Jalen Suggs,2024,-2.26311558655399,-0.82578767391321,-1.43732791264078,35,-2.578907915247981,-0.7713203494166986,-1.8075875658312826
Malaki Branham,2024,-1.7154306576741398,3.1777969635757604,-4.8932276212499,31,-1.0111380817522129,3.026737454871023,-4.037875536623236
Jericho Sims,2024,-1.13688328760454,0.49420906156353,-1.63109234916807,35,-0.610089085221732,0.3786657152029216,-0.9887548004246536
Jericho Sims,2024,-1.13688328760454,0.49420906156353,-1.63109234916807,35,-0.610089085221732,0.3786657152029216,-0.9887548004246536
Jericho Sims,2024,-1.13688328760454,0.49420906156353,-1.63109234916807,14,-0.610089085221732,0.3786657152029216,-0.9887548004246536
Jericho Sims,2024,-1.13688328760454,0.49420906156353,-1.63109234916807,14,-0.610089085221732,0.3786657152029216,-0.9887548004246536
Kevin Love,2024,-0.35049882453581,-0.22451768955709,-0.12598113497872,23,0.5656982793935453,0.1799245928007898,0.38577368659275557
Tristan Thompson,2024,-0.6693180000489001,1.50119209576535,-2.17051009581425,19,-0.6422992851488591,1.6050608656815746,-2.247360150830434
Jett Howard,2024,-0.68875098149257,0.3444752994009,-1.03322628089347,55,-0.6887509814925701,0.3444752994009,-1.03322628089347
